frequency,raw,error,smoothed,error_smoothed,equalization,parametric_eq,equalized_raw,equalized_smoothed,target
20.00,-1.03,-3.00,-1.03,-3.00,3.00,2.58,1.98,1.98,1.98
20.20,-0.93,-2.96,-0.92,-2.96,2.96,2.54,2.04,2.04,2.04
20.40,-0.81,-2.91,-0.82,-2.91,2.92,2.51,2.10,2.10,2.10
20.61,-0.72,-2.87,-0.71,-2.87,2.87,2.47,2.16,2.16,2.16
20.81,-0.60,-2.82,-0.61,-2.83,2.83,2.43,2.22,2.22,2.22
21.02,-0.51,-2.79,-0.51,-2.79,2.78,2.39,2.28,2.28,2.29
21.23,-0.41,-2.74,-0.40,-2.74,2.73,2.35,2.33,2.33,2.34
21.44,-0.30,-2.69,-0.31,-2.69,2.69,2.31,2.38,2.38,2.39
21.66,-0.21,-2.64,-0.20,-2.64,2.64,2.28,2.43,2.43,2.44
21.87,-0.10,-2.58,-0.10,-2.58,2.59,2.24,2.48,2.48,2.48
22.09,-0.00,-2.53,-0.00,-2.53,2.53,2.20,2.53,2.53,2.53
22.31,0.10,-2.47,0.09,-2.48,2.48,2.16,2.58,2.58,2.57
22.54,0.19,-2.43,0.20,-2.43,2.43,2.13,2.62,2.63,2.63
22.76,0.30,-2.38,0.30,-2.38,2.38,2.09,2.68,2.68,2.68
22.99,0.40,-2.32,0.40,-2.33,2.33,2.05,2.74,2.73,2.73
23.22,0.49,-2.28,0.50,-2.28,2.28,2.01,2.78,2.78,2.78
23.45,0.60,-2.23,0.59,-2.23,2.23,1.97,2.82,2.82,2.83
23.69,0.68,-2.18,0.69,-2.18,2.17,1.94,2.86,2.86,2.87
23.92,0.79,-2.12,0.78,-2.12,2.12,1.90,2.90,2.90,2.91
24.16,0.88,-2.06,0.88,-2.06,2.06,1.86,2.93,2.93,2.94
24.40,0.98,-2.00,0.97,-2.00,2.00,1.83,2.97,2.97,2.98
24.65,1.06,-1.93,1.07,-1.93,1.94,1.79,3.00,3.00,3.00
24.89,1.17,-1.86,1.16,-1.86,1.87,1.75,3.04,3.04,3.03
25.14,1.26,-1.80,1.26,-1.80,1.81,1.71,3.07,3.07,3.06
25.39,1.35,-1.75,1.35,-1.75,1.75,1.68,3.10,3.10,3.10
25.65,1.43,-1.70,1.44,-1.70,1.69,1.64,3.13,3.13,3.14
25.91,1.52,-1.64,1.52,-1.64,1.64,1.60,3.16,3.16,3.17
26.16,1.62,-1.58,1.61,-1.59,1.58,1.57,3.20,3.19,3.20
26.43,1.69,-1.53,1.70,-1.53,1.53,1.53,3.22,3.23,3.23
26.69,1.78,-1.47,1.79,-1.47,1.48,1.49,3.26,3.27,3.26
26.96,1.87,-1.42,1.87,-1.43,1.43,1.46,3.31,3.30,3.30
27.23,1.95,-1.38,1.95,-1.38,1.39,1.42,3.34,3.34,3.34
27.50,2.03,-1.34,2.04,-1.34,1.34,1.38,3.38,3.38,3.38
27.77,2.12,-1.29,2.12,-1.30,1.30,1.35,3.41,3.41,3.41
28.05,2.20,-1.26,2.20,-1.26,1.25,1.31,3.45,3.45,3.46
28.33,2.28,-1.21,2.27,-1.22,1.21,1.27,3.48,3.48,3.49
28.62,2.34,-1.17,2.35,-1.17,1.16,1.24,3.50,3.50,3.52
28.90,2.42,-1.12,2.42,-1.11,1.11,1.20,3.52,3.52,3.54
29.19,2.49,-1.04,2.49,-1.06,1.06,1.16,3.55,3.55,3.54
29.48,2.57,-1.01,2.57,-1.00,1.01,1.13,3.57,3.57,3.58
29.78,2.63,-0.95,2.63,-0.95,0.96,1.09,3.59,3.59,3.59
30.08,2.69,-0.90,2.69,-0.91,0.92,1.06,3.61,3.61,3.60
30.38,2.74,-0.87,2.75,-0.87,0.88,1.02,3.63,3.63,3.62
30.68,2.79,-0.85,2.79,-0.85,0.85,0.99,3.65,3.65,3.65
30.99,2.84,-0.82,2.84,-0.83,0.83,0.96,3.68,3.67,3.67
31.30,2.88,-0.82,2.89,-0.82,0.82,0.92,3.70,3.71,3.71
31.61,2.93,-0.81,2.94,-0.81,0.81,0.89,3.74,3.74,3.75
31.93,2.98,-0.80,2.98,-0.80,0.80,0.86,3.79,3.78,3.79
32.24,3.03,-0.79,3.03,-0.80,0.80,0.83,3.82,3.82,3.82
32.57,3.06,-0.80,3.07,-0.79,0.80,0.80,3.86,3.86,3.87
32.89,3.11,-0.79,3.11,-0.79,0.79,0.77,3.91,3.91,3.91
33.22,3.15,-0.79,3.16,-0.79,0.79,0.74,3.95,3.95,3.95
33.55,3.20,-0.79,3.20,-0.79,0.79,0.72,3.98,3.99,3.99
33.89,3.23,-0.78,3.23,-0.78,0.78,0.69,4.02,4.02,4.02
34.23,3.26,-0.77,3.26,-0.78,0.77,0.67,4.04,4.04,4.04
34.57,3.29,-0.77,3.29,-0.77,0.76,0.65,4.05,4.05,4.07
34.92,3.31,-0.75,3.32,-0.75,0.74,0.63,4.06,4.06,4.07
35.27,3.34,-0.73,3.35,-0.73,0.72,0.61,4.07,4.07,4.08
35.62,3.37,-0.71,3.37,-0.71,0.70,0.59,4.08,4.08,4.09
35.97,3.40,-0.67,3.40,-0.68,0.68,0.57,4.09,4.09,4.08
36.33,3.42,-0.65,3.42,-0.65,0.67,0.56,4.09,4.09,4.08
36.70,3.44,-0.63,3.44,-0.64,0.65,0.55,4.09,4.09,4.08
37.06,3.45,-0.63,3.46,-0.63,0.63,0.54,4.09,4.09,4.09
37.43,3.47,-0.62,3.47,-0.62,0.62,0.53,4.09,4.09,4.10
37.81,3.48,-0.61,3.48,-0.61,0.61,0.52,4.09,4.09,4.10
38.19,3.49,-0.60,3.50,-0.60,0.60,0.51,4.09,4.09,4.10
38.57,3.50,-0.59,3.51,-0.59,0.59,0.50,4.09,4.10,4.10
38.95,3.51,-0.58,3.51,-0.58,0.58,0.50,4.10,4.10,4.10
39.34,3.52,-0.57,3.52,-0.57,0.58,0.49,4.10,4.10,4.10
39.74,3.52,-0.57,3.53,-0.57,0.57,0.49,4.10,4.10,4.10
40.14,3.53,-0.57,3.53,-0.57,0.57,0.48,4.10,4.10,4.11
40.54,3.53,-0.57,3.53,-0.57,0.57,0.48,4.10,4.10,4.11
40.94,3.53,-0.57,3.54,-0.57,0.57,0.48,4.11,4.11,4.11
41.35,3.53,-0.57,3.54,-0.57,0.57,0.48,4.11,4.11,4.11
41.76,3.54,-0.57,3.54,-0.57,0.58,0.48,4.12,4.12,4.12
42.18,3.54,-0.58,3.54,-0.58,0.59,0.47,4.13,4.13,4.13
42.60,3.53,-0.59,3.54,-0.60,0.59,0.47,4.13,4.13,4.13
43.03,3.52,-0.61,3.53,-0.60,0.60,0.47,4.12,4.13,4.14
43.46,3.52,-0.61,3.52,-0.61,0.61,0.47,4.13,4.13,4.14
43.90,3.51,-0.61,3.51,-0.62,0.62,0.47,4.13,4.13,4.13
44.33,3.50,-0.63,3.51,-0.63,0.63,0.47,4.14,4.14,4.14
44.78,3.49,-0.64,3.50,-0.64,0.64,0.47,4.14,4.14,4.14
45.23,3.49,-0.64,3.49,-0.65,0.66,0.47,4.15,4.15,4.14
45.68,3.49,-0.66,3.49,-0.66,0.67,0.47,4.16,4.16,4.16
46.13,3.49,-0.67,3.49,-0.68,0.68,0.47,4.17,4.17,4.17
46.60,3.49,-0.69,3.49,-0.69,0.68,0.47,4.18,4.18,4.19
47.06,3.49,-0.69,3.49,-0.69,0.68,0.47,4.18,4.18,4.19
47.53,3.49,-0.68,3.49,-0.69,0.67,0.47,4.17,4.17,4.18
48.01,3.49,-0.68,3.50,-0.67,0.66,0.47,4.15,4.16,4.18
48.49,3.50,-0.64,3.50,-0.64,0.64,0.47,4.14,4.14,4.15
48.97,3.51,-0.60,3.51,-0.61,0.61,0.47,4.12,4.12,4.12
49.46,3.51,-0.57,3.52,-0.57,0.57,0.47,4.09,4.09,4.09
49.96,3.52,-0.52,3.52,-0.53,0.54,0.46,4.06,4.06,4.05
50.46,3.52,-0.50,3.53,-0.50,0.50,0.46,4.03,4.03,4.03
50.96,3.52,-0.47,3.53,-0.46,0.47,0.46,3.99,3.99,4.00
51.47,3.52,-0.42,3.52,-0.43,0.43,0.46,3.96,3.95,3.95
51.99,3.51,-0.40,3.52,-0.41,0.40,0.46,3.92,3.92,3.92
52.51,3.50,-0.39,3.51,-0.38,0.38,0.46,3.88,3.89,3.90
53.03,3.50,-0.36,3.50,-0.36,0.36,0.46,3.86,3.86,3.87
53.56,3.49,-0.34,3.49,-0.34,0.35,0.46,3.84,3.84,3.84
54.10,3.48,-0.32,3.48,-0.33,0.34,0.46,3.82,3.82,3.81
54.64,3.46,-0.33,3.47,-0.33,0.34,0.46,3.81,3.81,3.80
55.18,3.44,-0.34,3.45,-0.34,0.35,0.45,3.79,3.80,3.79
55.74,3.43,-0.34,3.43,-0.36,0.36,0.45,3.80,3.79,3.78
56.29,3.41,-0.38,3.41,-0.38,0.38,0.45,3.79,3.79,3.80
56.86,3.39,-0.41,3.40,-0.40,0.40,0.45,3.79,3.80,3.81
57.42,3.38,-0.42,3.38,-0.42,0.41,0.45,3.80,3.79,3.81
58.00,3.36,-0.43,3.36,-0.43,0.43,0.45,3.79,3.79,3.80
58.58,3.34,-0.44,3.35,-0.44,0.43,0.45,3.78,3.78,3.79
59.16,3.33,-0.44,3.33,-0.44,0.43,0.45,3.77,3.77,3.78
59.76,3.31,-0.44,3.32,-0.44,0.43,0.45,3.74,3.74,3.76
60.35,3.30,-0.41,3.30,-0.42,0.41,0.45,3.72,3.72,3.72
60.96,3.28,-0.40,3.28,-0.40,0.40,0.45,3.68,3.68,3.69
61.57,3.26,-0.37,3.26,-0.37,0.38,0.45,3.65,3.64,3.64
62.18,3.23,-0.35,3.24,-0.36,0.36,0.45,3.60,3.60,3.59
62.80,3.21,-0.34,3.21,-0.34,0.35,0.45,3.56,3.56,3.56
63.43,3.18,-0.32,3.19,-0.33,0.33,0.45,3.52,3.52,3.51
64.07,3.16,-0.31,3.16,-0.32,0.32,0.45,3.48,3.48,3.48
64.71,3.13,-0.31,3.14,-0.30,0.31,0.45,3.44,3.44,3.45
65.35,3.11,-0.29,3.11,-0.30,0.29,0.45,3.41,3.41,3.41
66.01,3.08,-0.28,3.08,-0.29,0.28,0.45,3.36,3.36,3.37
66.67,3.05,-0.28,3.06,-0.28,0.26,0.45,3.32,3.32,3.34
67.33,3.03,-0.26,3.04,-0.26,0.24,0.45,3.28,3.28,3.30
68.01,3.02,-0.23,3.02,-0.23,0.23,0.45,3.25,3.25,3.26
68.69,3.01,-0.20,3.02,-0.20,0.21,0.45,3.22,3.22,3.22
69.37,3.00,-0.18,3.01,-0.18,0.19,0.45,3.20,3.20,3.19
70.07,2.99,-0.15,2.99,-0.16,0.18,0.46,3.18,3.17,3.15
70.77,2.96,-0.16,2.97,-0.16,0.17,0.46,3.14,3.14,3.13
71.48,2.93,-0.17,2.94,-0.17,0.17,0.46,3.10,3.10,3.11
72.19,2.90,-0.17,2.91,-0.17,0.16,0.46,3.07,3.07,3.08
72.91,2.87,-0.17,2.87,-0.18,0.17,0.47,3.04,3.04,3.05
73.64,2.84,-0.17,2.84,-0.18,0.17,0.47,3.01,3.01,3.02
74.38,2.80,-0.19,2.81,-0.18,0.17,0.47,2.98,2.99,3.00
75.12,2.78,-0.17,2.78,-0.18,0.18,0.48,2.96,2.96,2.96
75.87,2.75,-0.17,2.75,-0.18,0.18,0.48,2.94,2.93,2.93
76.63,2.71,-0.19,2.72,-0.18,0.19,0.49,2.90,2.91,2.91
77.40,2.69,-0.19,2.69,-0.19,0.19,0.49,2.89,2.89,2.89
78.17,2.67,-0.19,2.67,-0.20,0.20,0.49,2.88,2.88,2.87
78.95,2.65,-0.21,2.65,-0.21,0.21,0.50,2.87,2.87,2.87
79.74,2.63,-0.23,2.63,-0.23,0.23,0.51,2.86,2.86,2.87
80.54,2.60,-0.25,2.61,-0.25,0.24,0.51,2.85,2.85,2.86
81.35,2.58,-0.26,2.59,-0.26,0.26,0.52,2.84,2.85,2.85
82.16,2.56,-0.27,2.56,-0.28,0.28,0.52,2.85,2.84,2.84
82.98,2.54,-0.30,2.54,-0.30,0.30,0.53,2.85,2.85,2.85
83.81,2.52,-0.32,2.53,-0.32,0.33,0.54,2.85,2.86,2.85
84.65,2.51,-0.34,2.51,-0.35,0.35,0.55,2.87,2.87,2.86
85.50,2.50,-0.38,2.50,-0.38,0.38,0.56,2.88,2.88,2.89
86.35,2.50,-0.41,2.50,-0.41,0.40,0.56,2.91,2.91,2.92
87.22,2.50,-0.44,2.51,-0.44,0.43,0.57,2.93,2.94,2.95
88.09,2.52,-0.45,2.52,-0.46,0.45,0.58,2.97,2.97,2.98
88.97,2.53,-0.47,2.53,-0.47,0.47,0.59,3.00,3.00,3.01
89.86,2.54,-0.49,2.54,-0.49,0.49,0.60,3.03,3.03,3.04
90.76,2.53,-0.49,2.54,-0.50,0.51,0.61,3.04,3.04,3.03
91.66,2.52,-0.52,2.53,-0.52,0.52,0.63,3.05,3.05,3.05
92.58,2.51,-0.53,2.51,-0.54,0.54,0.64,3.05,3.05,3.05
93.51,2.49,-0.57,2.50,-0.56,0.56,0.65,3.05,3.05,3.07
94.44,2.47,-0.58,2.47,-0.58,0.58,0.67,3.05,3.05,3.06
95.39,2.44,-0.61,2.44,-0.61,0.60,0.68,3.05,3.05,3.06
96.34,2.41,-0.62,2.41,-0.63,0.64,0.69,3.05,3.05,3.04
97.30,2.37,-0.66,2.38,-0.66,0.67,0.71,3.05,3.05,3.04
98.28,2.34,-0.70,2.34,-0.70,0.71,0.73,3.06,3.06,3.05
99.26,2.31,-0.75,2.31,-0.76,0.76,0.74,3.08,3.07,3.07
100.25,2.27,-0.82,2.28,-0.82,0.82,0.76,3.09,3.10,3.10
101.25,2.24,-0.89,2.25,-0.88,0.88,0.78,3.13,3.13,3.14
102.27,2.23,-0.94,2.23,-0.95,0.95,0.80,3.18,3.18,3.18
103.29,2.21,-1.00,2.22,-1.01,1.02,0.82,3.23,3.23,3.22
104.32,2.20,-1.08,2.20,-1.08,1.08,0.84,3.29,3.29,3.29
105.37,2.19,-1.15,2.19,-1.15,1.14,0.86,3.34,3.33,3.35
106.42,2.18,-1.21,2.19,-1.21,1.20,0.88,3.38,3.38,3.40
107.48,2.18,-1.26,2.19,-1.26,1.24,0.90,3.43,3.43,3.45
108.56,2.19,-1.28,2.19,-1.29,1.29,0.93,3.48,3.48,3.48
109.64,2.19,-1.32,2.20,-1.32,1.32,0.95,3.52,3.52,3.52
110.74,2.20,-1.34,2.20,-1.34,1.35,0.98,3.55,3.55,3.55
111.85,2.20,-1.36,2.20,-1.36,1.37,1.00,3.57,3.57,3.57
112.97,2.20,-1.37,2.21,-1.38,1.38,1.03,3.58,3.58,3.58
114.10,2.20,-1.39,2.20,-1.39,1.38,1.06,3.58,3.58,3.60
115.24,2.20,-1.39,2.20,-1.39,1.38,1.09,3.58,3.58,3.60
116.39,2.20,-1.38,2.20,-1.38,1.38,1.12,3.58,3.58,3.59
117.55,2.20,-1.37,2.20,-1.37,1.37,1.15,3.58,3.58,3.58
118.73,2.20,-1.35,2.20,-1.36,1.37,1.18,3.57,3.57,3.56
119.92,2.20,-1.35,2.20,-1.35,1.36,1.21,3.56,3.56,3.56
121.12,2.20,-1.34,2.20,-1.34,1.35,1.24,3.56,3.56,3.55
122.33,2.20,-1.34,2.20,-1.35,1.35,1.27,3.55,3.55,3.55
123.55,2.20,-1.35,2.20,-1.35,1.34,1.31,3.55,3.55,3.56
124.79,2.20,-1.35,2.21,-1.35,1.34,1.34,3.54,3.54,3.56
126.03,2.20,-1.35,2.21,-1.35,1.34,1.37,3.54,3.54,3.56
127.29,2.21,-1.34,2.21,-1.34,1.34,1.40,3.55,3.55,3.56
128.57,2.21,-1.33,2.22,-1.33,1.34,1.43,3.55,3.56,3.55
129.85,2.22,-1.33,2.22,-1.33,1.35,1.47,3.57,3.57,3.56
131.15,2.21,-1.34,2.22,-1.34,1.35,1.50,3.57,3.57,3.56
132.46,2.20,-1.36,2.20,-1.36,1.37,1.53,3.57,3.57,3.57
133.79,2.18,-1.39,2.19,-1.39,1.39,1.56,3.57,3.57,3.58
135.12,2.16,-1.41,2.16,-1.42,1.41,1.58,3.58,3.58,3.58
136.48,2.14,-1.44,2.14,-1.45,1.44,1.61,3.59,3.58,3.59
137.84,2.10,-1.48,2.11,-1.47,1.48,1.64,3.58,3.59,3.59
139.22,2.08,-1.50,2.08,-1.51,1.51,1.66,3.60,3.59,3.59
140.61,2.05,-1.53,2.05,-1.55,1.55,1.68,3.61,3.60,3.59
142.02,2.00,-1.60,2.01,-1.59,1.59,1.70,3.60,3.61,3.61
143.44,1.98,-1.63,1.98,-1.63,1.63,1.72,3.62,3.61,3.62
144.87,1.94,-1.67,1.95,-1.67,1.67,1.73,3.61,3.61,3.62
146.32,1.92,-1.69,1.92,-1.70,1.70,1.74,3.62,3.62,3.62
147.78,1.89,-1.73,1.89,-1.73,1.72,1.75,3.61,3.61,3.63
149.26,1.87,-1.75,1.87,-1.74,1.73,1.76,3.61,3.61,3.63
150.75,1.85,-1.75,1.86,-1.75,1.74,1.76,3.60,3.61,3.61
152.26,1.86,-1.74,1.86,-1.75,1.75,1.76,3.61,3.61,3.61
153.78,1.87,-1.74,1.87,-1.74,1.74,1.76,3.62,3.61,3.62
155.32,1.88,-1.72,1.89,-1.73,1.73,1.75,3.62,3.62,3.61
156.88,1.89,-1.72,1.89,-1.72,1.73,1.74,3.62,3.62,3.62
158.44,1.89,-1.71,1.89,-1.71,1.71,1.73,3.61,3.60,3.61
160.03,1.87,-1.70,1.88,-1.70,1.70,1.72,3.58,3.58,3.58
161.63,1.85,-1.69,1.86,-1.69,1.69,1.70,3.55,3.55,3.55
163.24,1.84,-1.67,1.84,-1.68,1.68,1.68,3.53,3.52,3.52
164.88,1.80,-1.68,1.81,-1.67,1.67,1.66,3.48,3.49,3.49
166.53,1.78,-1.66,1.78,-1.66,1.66,1.64,3.45,3.44,3.45
168.19,1.75,-1.64,1.75,-1.65,1.65,1.62,3.40,3.40,3.40
169.87,1.71,-1.63,1.72,-1.63,1.63,1.60,3.34,3.35,3.35
171.57,1.68,-1.61,1.68,-1.61,1.61,1.57,3.29,3.29,3.30
173.29,1.64,-1.58,1.65,-1.59,1.58,1.54,3.22,3.23,3.23
175.02,1.61,-1.56,1.62,-1.55,1.55,1.52,3.16,3.17,3.18
176.77,1.59,-1.51,1.59,-1.52,1.51,1.49,3.11,3.11,3.11
178.54,1.57,-1.48,1.58,-1.48,1.47,1.46,3.05,3.05,3.06
180.32,1.56,-1.43,1.56,-1.43,1.43,1.44,3.00,2.99,3.00
182.13,1.55,-1.39,1.55,-1.39,1.39,1.41,2.95,2.94,2.95
183.95,1.53,-1.35,1.54,-1.35,1.36,1.38,2.89,2.89,2.89
185.79,1.52,-1.32,1.52,-1.32,1.33,1.36,2.85,2.85,2.85
187.65,1.50,-1.28,1.51,-1.29,1.31,1.33,2.81,2.82,2.79
189.52,1.49,-1.27,1.49,-1.27,1.29,1.31,2.79,2.78,2.77
191.42,1.47,-1.26,1.47,-1.27,1.28,1.29,2.76,2.75,2.74
193.33,1.43,-1.29,1.44,-1.29,1.28,1.26,2.72,2.72,2.73
195.27,1.40,-1.30,1.41,-1.30,1.28,1.24,2.69,2.69,2.71
197.22,1.37,-1.30,1.37,-1.30,1.29,1.22,2.66,2.66,2.68
199.19,1.34,-1.29,1.35,-1.30,1.29,1.20,2.63,2.63,2.64
201.18,1.32,-1.28,1.32,-1.28,1.28,1.18,2.61,2.60,2.61
203.19,1.29,-1.28,1.29,-1.28,1.27,1.17,2.57,2.57,2.58
205.23,1.26,-1.25,1.27,-1.26,1.26,1.15,2.52,2.52,2.52
207.28,1.23,-1.25,1.23,-1.24,1.24,1.14,2.47,2.47,2.49
209.35,1.20,-1.21,1.20,-1.21,1.22,1.12,2.42,2.42,2.42
211.44,1.17,-1.18,1.17,-1.19,1.19,1.11,2.37,2.37,2.36
213.56,1.14,-1.16,1.14,-1.17,1.17,1.10,2.31,2.31,2.31
215.69,1.11,-1.16,1.12,-1.15,1.14,1.09,2.26,2.26,2.28
217.85,1.09,-1.12,1.10,-1.12,1.11,1.08,2.21,2.21,2.22
220.03,1.07,-1.09,1.08,-1.09,1.09,1.08,2.16,2.16,2.17
222.23,1.05,-1.05,1.05,-1.06,1.07,1.07,2.12,2.12,2.11
224.45,1.02,-1.03,1.02,-1.03,1.04,1.07,2.07,2.07,2.06
226.70,0.98,-1.02,0.98,-1.02,1.02,1.06,2.01,2.01,2.01
228.96,0.93,-1.01,0.94,-1.01,1.01,1.06,1.94,1.95,1.95
231.25,0.90,-1.00,0.90,-1.00,1.00,1.06,1.90,1.90,1.91
233.57,0.86,-0.99,0.86,-0.99,0.99,1.06,1.86,1.85,1.86
235.90,0.81,-0.99,0.82,-0.99,0.99,1.07,1.80,1.81,1.81
238.26,0.79,-0.98,0.79,-0.99,0.99,1.07,1.79,1.78,1.78
240.64,0.76,-0.99,0.77,-0.99,0.99,1.07,1.76,1.76,1.76
243.05,0.74,-1.01,0.75,-1.00,1.00,1.08,1.74,1.75,1.76
245.48,0.72,-1.01,0.72,-1.01,1.01,1.08,1.73,1.73,1.74
247.93,0.69,-1.02,0.69,-1.02,1.02,1.09,1.72,1.72,1.72
250.41,0.66,-1.02,0.66,-1.03,1.04,1.10,1.71,1.70,1.69
252.92,0.61,-1.06,0.62,-1.05,1.06,1.11,1.68,1.68,1.68
255.45,0.58,-1.08,0.58,-1.08,1.08,1.11,1.67,1.66,1.67
258.00,0.54,-1.10,0.54,-1.11,1.11,1.12,1.65,1.65,1.65
260.58,0.50,-1.13,0.51,-1.13,1.13,1.13,1.63,1.63,1.64
263.19,0.47,-1.15,0.47,-1.15,1.15,1.14,1.62,1.62,1.63
265.82,0.43,-1.16,0.44,-1.17,1.16,1.14,1.60,1.60,1.60
268.48,0.41,-1.18,0.41,-1.18,1.17,1.15,1.59,1.59,1.60
271.16,0.39,-1.18,0.39,-1.18,1.17,1.16,1.57,1.56,1.58
273.87,0.36,-1.18,0.37,-1.18,1.17,1.16,1.54,1.54,1.55
276.61,0.34,-1.18,0.35,-1.17,1.17,1.16,1.51,1.52,1.53
279.38,0.32,-1.15,0.32,-1.16,1.16,1.16,1.49,1.48,1.48
282.17,0.29,-1.13,0.29,-1.14,1.15,1.16,1.45,1.44,1.43
284.99,0.25,-1.13,0.26,-1.13,1.14,1.15,1.40,1.40,1.39
287.84,0.21,-1.13,0.22,-1.13,1.13,1.14,1.34,1.35,1.35
290.72,0.18,-1.12,0.18,-1.12,1.12,1.13,1.30,1.30,1.31
293.63,0.15,-1.11,0.16,-1.11,1.11,1.12,1.26,1.27,1.27
296.57,0.13,-1.10,0.14,-1.09,1.10,1.10,1.23,1.23,1.24
299.53,0.11,-1.07,0.11,-1.08,1.09,1.08,1.20,1.20,1.19
302.53,0.08,-1.05,0.08,-1.06,1.07,1.06,1.16,1.15,1.14
305.55,0.04,-1.06,0.05,-1.05,1.05,1.03,1.10,1.10,1.11
308.61,0.01,-1.03,0.02,-1.03,1.02,1.00,1.04,1.04,1.05
311.69,-0.02,-1.00,-0.01,-1.00,0.99,0.97,0.97,0.98,0.99
314.81,-0.03,-0.96,-0.03,-0.96,0.95,0.93,0.92,0.92,0.94
317.96,-0.05,-0.91,-0.04,-0.91,0.90,0.89,0.86,0.86,0.87
321.14,-0.06,-0.85,-0.06,-0.86,0.85,0.85,0.79,0.79,0.80
324.35,-0.08,-0.79,-0.07,-0.79,0.79,0.80,0.72,0.72,0.72
327.59,-0.09,-0.73,-0.08,-0.72,0.73,0.75,0.65,0.65,0.65
330.87,-0.10,-0.65,-0.10,-0.66,0.67,0.70,0.57,0.57,0.56
334.18,-0.11,-0.59,-0.11,-0.60,0.61,0.65,0.50,0.50,0.49
337.52,-0.14,-0.56,-0.13,-0.55,0.55,0.59,0.42,0.42,0.43
340.90,-0.16,-0.50,-0.16,-0.50,0.50,0.54,0.35,0.34,0.35
344.30,-0.19,-0.44,-0.19,-0.45,0.45,0.48,0.27,0.27,0.26
347.75,-0.23,-0.40,-0.22,-0.40,0.41,0.42,0.18,0.19,0.18
351.23,-0.26,-0.36,-0.26,-0.36,0.37,0.36,0.11,0.11,0.11
354.74,-0.30,-0.33,-0.29,-0.32,0.32,0.30,0.03,0.03,0.04
358.28,-0.33,-0.27,-0.33,-0.28,0.28,0.24,-0.05,-0.05,-0.05
361.87,-0.36,-0.22,-0.36,-0.23,0.22,0.17,-0.13,-0.13,-0.13
365.49,-0.39,-0.18,-0.38,-0.17,0.16,0.11,-0.22,-0.22,-0.20
369.14,-0.41,-0.11,-0.40,-0.11,0.10,0.04,-0.31,-0.31,-0.29
372.83,-0.42,-0.04,-0.41,-0.04,0.02,-0.03,-0.39,-0.39,-0.37
376.56,-0.42,0.06,-0.42,0.05,-0.06,-0.10,-0.47,-0.47,-0.47
380.33,-0.42,0.14,-0.41,0.14,-0.14,-0.17,-0.56,-0.56,-0.55
384.13,-0.41,0.24,-0.41,0.24,-0.23,-0.24,-0.64,-0.64,-0.64
387.97,-0.40,0.34,-0.40,0.33,-0.32,-0.31,-0.72,-0.72,-0.73
391.85,-0.40,0.43,-0.40,0.42,-0.41,-0.38,-0.81,-0.81,-0.82
395.77,-0.40,0.50,-0.40,0.50,-0.50,-0.46,-0.89,-0.90,-0.89
399.73,-0.41,0.58,-0.40,0.59,-0.58,-0.54,-0.98,-0.98,-0.98
403.72,-0.41,0.67,-0.41,0.66,-0.65,-0.61,-1.06,-1.06,-1.07
407.76,-0.42,0.74,-0.41,0.73,-0.73,-0.69,-1.14,-1.14,-1.15
411.84,-0.42,0.79,-0.41,0.80,-0.80,-0.77,-1.21,-1.21,-1.20
415.96,-0.41,0.86,-0.41,0.85,-0.87,-0.85,-1.27,-1.27,-1.26
420.12,-0.40,0.92,-0.39,0.92,-0.93,-0.93,-1.33,-1.33,-1.31
424.32,-0.38,1.00,-0.38,1.00,-1.00,-1.02,-1.38,-1.38,-1.37
428.56,-0.36,1.09,-0.36,1.08,-1.08,-1.10,-1.43,-1.43,-1.44
432.85,-0.34,1.16,-0.33,1.16,-1.15,-1.18,-1.49,-1.49,-1.49
437.18,-0.31,1.24,-0.31,1.23,-1.23,-1.27,-1.54,-1.54,-1.54
441.55,-0.29,1.30,-0.28,1.31,-1.31,-1.35,-1.60,-1.59,-1.58
445.96,-0.25,1.38,-0.24,1.39,-1.40,-1.43,-1.64,-1.64,-1.62
450.42,-0.20,1.49,-0.20,1.47,-1.48,-1.51,-1.68,-1.68,-1.68
454.93,-0.16,1.56,-0.16,1.56,-1.57,-1.59,-1.72,-1.72,-1.71
459.48,-0.12,1.65,-0.11,1.65,-1.65,-1.66,-1.77,-1.76,-1.76
464.07,-0.06,1.74,-0.06,1.74,-1.73,-1.74,-1.79,-1.79,-1.79
468.71,-0.01,1.82,-0.00,1.82,-1.81,-1.80,-1.81,-1.81,-1.82
473.40,0.05,1.90,0.05,1.89,-1.88,-1.87,-1.83,-1.83,-1.84
478.13,0.10,1.95,0.11,1.95,-1.94,-1.93,-1.84,-1.84,-1.84
482.91,0.16,2.01,0.16,2.01,-2.00,-1.99,-1.84,-1.84,-1.84
487.74,0.21,2.05,0.22,2.05,-2.06,-2.04,-1.84,-1.84,-1.83
492.62,0.27,2.10,0.28,2.10,-2.10,-2.09,-1.83,-1.83,-1.82
497.55,0.33,2.14,0.34,2.14,-2.15,-2.13,-1.81,-1.81,-1.80
502.52,0.41,2.19,0.41,2.19,-2.19,-2.18,-1.77,-1.77,-1.77
507.55,0.48,2.23,0.49,2.22,-2.22,-2.21,-1.74,-1.73,-1.74
512.62,0.56,2.26,0.56,2.26,-2.25,-2.25,-1.69,-1.69,-1.69
517.75,0.63,2.27,0.64,2.28,-2.28,-2.28,-1.64,-1.64,-1.63
522.93,0.71,2.32,0.71,2.31,-2.30,-2.31,-1.59,-1.60,-1.60
528.16,0.77,2.33,0.77,2.32,-2.32,-2.34,-1.55,-1.55,-1.55
533.44,0.82,2.33,0.84,2.34,-2.34,-2.37,-1.52,-1.50,-1.50
538.77,0.90,2.35,0.91,2.35,-2.36,-2.39,-1.45,-1.45,-1.44
544.16,0.99,2.38,0.98,2.37,-2.37,-2.41,-1.38,-1.39,-1.38
549.60,1.05,2.38,1.06,2.38,-2.39,-2.42,-1.33,-1.33,-1.32
555.10,1.12,2.40,1.12,2.40,-2.40,-2.44,-1.28,-1.28,-1.27
560.65,1.18,2.41,1.19,2.41,-2.42,-2.44,-1.23,-1.23,-1.22
566.25,1.25,2.42,1.26,2.43,-2.42,-2.44,-1.17,-1.17,-1.16
571.92,1.32,2.45,1.32,2.44,-2.43,-2.44,-1.10,-1.11,-1.12
577.64,1.36,2.44,1.37,2.44,-2.43,-2.43,-1.06,-1.06,-1.07
583.41,1.41,2.43,1.41,2.42,-2.42,-2.41,-1.00,-1.00,-1.01
589.25,1.45,2.39,1.46,2.40,-2.40,-2.38,-0.94,-0.94,-0.93
595.14,1.49,2.37,1.50,2.37,-2.37,-2.35,-0.87,-0.87,-0.87
601.09,1.53,2.35,1.53,2.34,-2.33,-2.31,-0.80,-0.80,-0.81
607.10,1.55,2.30,1.55,2.30,-2.29,-2.27,-0.74,-0.74,-0.74
613.17,1.56,2.25,1.57,2.25,-2.25,-2.23,-0.68,-0.68,-0.68
619.30,1.57,2.20,1.57,2.20,-2.20,-2.19,-0.63,-0.63,-0.62
625.50,1.57,2.15,1.58,2.15,-2.17,-2.16,-0.59,-0.59,-0.57
631.75,1.57,2.12,1.58,2.12,-2.13,-2.13,-0.55,-0.55,-0.54
638.07,1.57,2.09,1.58,2.09,-2.10,-2.10,-0.52,-0.52,-0.51
644.45,1.57,2.08,1.58,2.07,-2.07,-2.08,-0.50,-0.50,-0.50
650.89,1.57,2.06,1.57,2.06,-2.05,-2.07,-0.48,-0.48,-0.48
657.40,1.56,2.05,1.57,2.05,-2.04,-2.06,-0.48,-0.48,-0.48
663.98,1.55,2.03,1.56,2.03,-2.04,-2.06,-0.48,-0.48,-0.47
670.62,1.54,2.04,1.55,2.03,-2.04,-2.06,-0.50,-0.50,-0.49
677.32,1.53,2.04,1.53,2.04,-2.05,-2.06,-0.51,-0.52,-0.50
684.10,1.51,2.06,1.51,2.06,-2.06,-2.06,-0.55,-0.55,-0.54
690.94,1.48,2.07,1.49,2.07,-2.08,-2.06,-0.59,-0.59,-0.58
697.85,1.44,2.10,1.45,2.09,-2.09,-2.06,-0.65,-0.65,-0.65
704.83,1.40,2.12,1.40,2.12,-2.11,-2.06,-0.70,-0.71,-0.71
711.87,1.34,2.13,1.35,2.13,-2.12,-2.06,-0.78,-0.78,-0.78
718.99,1.28,2.15,1.28,2.14,-2.14,-2.06,-0.85,-0.86,-0.86
726.18,1.20,2.14,1.21,2.15,-2.14,-2.06,-0.94,-0.93,-0.93
733.44,1.13,2.15,1.13,2.14,-2.14,-2.06,-1.01,-1.01,-1.01
740.78,1.05,2.14,1.06,2.14,-2.14,-2.06,-1.08,-1.08,-1.08
748.19,0.97,2.13,0.98,2.13,-2.12,-2.05,-1.15,-1.15,-1.15
755.67,0.89,2.12,0.89,2.11,-2.11,-2.05,-1.21,-1.22,-1.22
763.23,0.80,2.09,0.81,2.09,-2.09,-2.05,-1.28,-1.28,-1.28
770.86,0.72,2.06,0.72,2.06,-2.06,-2.05,-1.34,-1.34,-1.33
778.57,0.64,2.04,0.65,2.04,-2.04,-2.04,-1.40,-1.39,-1.39
786.35,0.57,2.01,0.57,2.01,-2.02,-2.04,-1.44,-1.44,-1.43
794.22,0.50,2.00,0.50,1.99,-1.99,-2.03,-1.49,-1.49,-1.49
802.16,0.43,1.96,0.44,1.96,-1.97,-2.02,-1.53,-1.53,-1.52
810.18,0.38,1.94,0.39,1.94,-1.94,-2.01,-1.56,-1.56,-1.55
818.28,0.34,1.92,0.34,1.92,-1.92,-1.99,-1.57,-1.57,-1.57
826.46,0.31,1.91,0.31,1.90,-1.89,-1.96,-1.58,-1.58,-1.59
834.73,0.28,1.88,0.29,1.87,-1.87,-1.93,-1.59,-1.58,-1.59
843.08,0.26,1.84,0.26,1.84,-1.85,-1.90,-1.58,-1.58,-1.57
851.51,0.24,1.81,0.25,1.81,-1.82,-1.86,-1.58,-1.58,-1.56
860.02,0.23,1.79,0.24,1.79,-1.80,-1.81,-1.57,-1.57,-1.55
868.62,0.23,1.77,0.24,1.77,-1.77,-1.76,-1.54,-1.54,-1.53
877.31,0.24,1.75,0.25,1.75,-1.74,-1.71,-1.50,-1.50,-1.50
886.08,0.26,1.72,0.26,1.71,-1.71,-1.64,-1.44,-1.45,-1.45
894.94,0.27,1.67,0.27,1.67,-1.66,-1.58,-1.39,-1.39,-1.39
903.89,0.26,1.62,0.27,1.62,-1.61,-1.51,-1.34,-1.34,-1.35
912.93,0.25,1.56,0.25,1.55,-1.54,-1.43,-1.28,-1.28,-1.30
922.06,0.23,1.47,0.24,1.47,-1.46,-1.35,-1.23,-1.22,-1.23
931.28,0.21,1.38,0.21,1.37,-1.37,-1.27,-1.16,-1.16,-1.16
940.59,0.18,1.27,0.19,1.27,-1.28,-1.19,-1.09,-1.09,-1.08
950.00,0.15,1.17,0.15,1.17,-1.18,-1.11,-1.02,-1.02,-1.01
959.50,0.12,1.07,0.13,1.06,-1.08,-1.02,-0.95,-0.95,-0.94
969.09,0.09,0.96,0.10,0.97,-0.97,-0.94,-0.88,-0.88,-0.86
978.78,0.07,0.87,0.07,0.87,-0.87,-0.85,-0.80,-0.80,-0.79
988.57,0.03,0.78,0.04,0.77,-0.77,-0.77,-0.73,-0.73,-0.74
998.46,0.00,0.67,0.01,0.68,-0.67,-0.68,-0.66,-0.66,-0.66
1008.44,-0.03,0.58,-0.03,0.58,-0.57,-0.60,-0.60,-0.60,-0.60
1018.53,-0.07,0.48,-0.07,0.48,-0.48,-0.51,-0.54,-0.55,-0.54
1028.71,-0.12,0.38,-0.11,0.38,-0.38,-0.42,-0.50,-0.50,-0.49
1039.00,-0.17,0.28,-0.16,0.28,-0.29,-0.34,-0.45,-0.45,-0.44
1049.39,-0.21,0.19,-0.21,0.19,-0.20,-0.25,-0.40,-0.40,-0.39
1059.88,-0.25,0.11,-0.25,0.11,-0.10,-0.17,-0.35,-0.35,-0.35
1070.48,-0.30,0.02,-0.29,0.02,-0.01,-0.08,-0.31,-0.31,-0.31
1081.19,-0.35,-0.06,-0.35,-0.07,0.08,0.01,-0.27,-0.27,-0.28
1092.00,-0.42,-0.17,-0.42,-0.17,0.17,0.10,-0.24,-0.25,-0.24
1102.92,-0.50,-0.26,-0.50,-0.26,0.26,0.18,-0.24,-0.24,-0.23
1113.95,-0.59,-0.34,-0.58,-0.34,0.35,0.27,-0.24,-0.23,-0.24
1125.09,-0.67,-0.42,-0.67,-0.43,0.43,0.36,-0.24,-0.24,-0.24
1136.34,-0.76,-0.52,-0.76,-0.52,0.51,0.45,-0.25,-0.25,-0.23
1147.70,-0.85,-0.61,-0.84,-0.60,0.58,0.54,-0.26,-0.26,-0.23
1159.18,-0.94,-0.67,-0.93,-0.66,0.65,0.63,-0.28,-0.28,-0.26
1170.77,-1.02,-0.70,-1.02,-0.71,0.72,0.72,-0.29,-0.30,-0.31
1182.48,-1.12,-0.76,-1.12,-0.77,0.79,0.81,-0.33,-0.33,-0.35
1194.30,-1.23,-0.83,-1.23,-0.84,0.85,0.90,-0.38,-0.38,-0.39
1206.25,-1.36,-0.92,-1.35,-0.91,0.91,0.98,-0.44,-0.44,-0.43
1218.31,-1.48,-0.98,-1.47,-0.98,0.97,1.07,-0.50,-0.50,-0.49
1230.49,-1.61,-1.04,-1.61,-1.04,1.04,1.14,-0.56,-0.57,-0.56
1242.80,-1.75,-1.10,-1.75,-1.10,1.11,1.22,-0.63,-0.64,-0.64
1255.22,-1.91,-1.17,-1.90,-1.17,1.19,1.29,-0.72,-0.72,-0.73
1267.78,-2.07,-1.24,-2.07,-1.24,1.26,1.35,-0.81,-0.81,-0.82
1280.45,-2.24,-1.32,-2.23,-1.32,1.33,1.40,-0.91,-0.90,-0.91
1293.26,-2.40,-1.38,-2.40,-1.39,1.39,1.44,-1.00,-1.00,-1.01
1306.19,-2.57,-1.45,-2.56,-1.45,1.45,1.47,-1.11,-1.11,-1.11
1319.25,-2.72,-1.50,-2.71,-1.50,1.49,1.49,-1.22,-1.22,-1.21
1332.45,-2.86,-1.54,-2.85,-1.54,1.52,1.49,-1.34,-1.33,-1.31
1345.77,-2.98,-1.54,-2.98,-1.54,1.52,1.48,-1.45,-1.45,-1.43
1359.23,-3.09,-1.51,-3.09,-1.52,1.50,1.45,-1.58,-1.59,-1.57
1372.82,-3.19,-1.46,-3.18,-1.46,1.45,1.40,-1.73,-1.73,-1.72
1386.55,-3.26,-1.39,-3.25,-1.38,1.38,1.34,-1.87,-1.87,-1.86
1400.41,-3.30,-1.28,-3.30,-1.28,1.28,1.26,-2.01,-2.02,-2.01
1414.42,-3.33,-1.15,-3.33,-1.16,1.16,1.16,-2.17,-2.17,-2.17
1428.56,-3.35,-1.02,-3.35,-1.01,1.01,1.04,-2.33,-2.33,-2.32
1442.85,-3.36,-0.85,-3.36,-0.85,0.85,0.91,-2.51,-2.51,-2.50
1457.28,-3.36,-0.67,-3.35,-0.67,0.67,0.76,-2.69,-2.69,-2.68
1471.85,-3.35,-0.48,-3.34,-0.47,0.48,0.59,-2.87,-2.86,-2.86
1486.57,-3.33,-0.26,-3.33,-0.27,0.28,0.41,-3.04,-3.05,-3.06
1501.43,-3.32,-0.06,-3.32,-0.06,0.08,0.21,-3.24,-3.24,-3.25
1516.45,-3.32,0.14,-3.31,0.14,-0.13,0.00,-3.45,-3.45,-3.45
1531.61,-3.32,0.35,-3.31,0.35,-0.34,-0.22,-3.66,-3.66,-3.66
1546.93,-3.32,0.56,-3.32,0.56,-0.55,-0.45,-3.87,-3.87,-3.87
1562.40,-3.32,0.77,-3.32,0.77,-0.76,-0.69,-4.08,-4.08,-4.08
1578.02,-3.32,0.98,-3.32,0.98,-0.98,-0.94,-4.29,-4.29,-4.29
1593.80,-3.32,1.21,-3.32,1.20,-1.20,-1.20,-4.51,-4.51,-4.52
1609.74,-3.32,1.42,-3.32,1.42,-1.43,-1.46,-4.74,-4.74,-4.73
1625.84,-3.32,1.65,-3.32,1.65,-1.66,-1.72,-4.98,-4.98,-4.96
1642.10,-3.32,1.88,-3.31,1.88,-1.90,-1.98,-5.22,-5.21,-5.19
1658.52,-3.31,2.13,-3.30,2.14,-2.15,-2.23,-5.45,-5.45,-5.43
1675.10,-3.29,2.41,-3.29,2.40,-2.39,-2.47,-5.68,-5.69,-5.69
1691.85,-3.29,2.67,-3.29,2.66,-2.65,-2.69,-5.93,-5.94,-5.95
1708.77,-3.30,2.91,-3.29,2.91,-2.90,-2.91,-6.20,-6.19,-6.20
1725.86,-3.30,3.16,-3.30,3.16,-3.16,-3.11,-6.46,-6.46,-6.45
1743.12,-3.31,3.40,-3.31,3.40,-3.41,-3.29,-6.72,-6.72,-6.70
1760.55,-3.33,3.65,-3.32,3.65,-3.66,-3.46,-6.98,-6.98,-6.97
1778.15,-3.35,3.89,-3.35,3.89,-3.89,-3.63,-7.24,-7.24,-7.23
1795.94,-3.38,4.14,-3.38,4.13,-4.12,-3.79,-7.49,-7.50,-7.51
1813.90,-3.43,4.35,-3.43,4.35,-4.33,-3.95,-7.76,-7.76,-7.77
1832.03,-3.49,4.55,-3.48,4.54,-4.54,-4.12,-8.02,-8.02,-8.03
1850.36,-3.55,4.72,-3.55,4.73,-4.73,-4.30,-8.27,-8.27,-8.26
1868.86,-3.62,4.90,-3.61,4.90,-4.90,-4.49,-8.51,-8.51,-8.51
1887.55,-3.69,5.07,-3.69,5.06,-5.05,-4.70,-8.74,-8.74,-8.75
1906.42,-3.78,5.21,-3.78,5.20,-5.20,-4.92,-8.97,-8.97,-8.98
1925.49,-3.88,5.32,-3.87,5.33,-5.33,-5.16,-9.20,-9.20,-9.19
1944.74,-3.98,5.44,-3.97,5.44,-5.45,-5.41,-9.42,-9.42,-9.41
1964.19,-4.08,5.55,-4.08,5.54,-5.56,-5.66,-9.63,-9.64,-9.62
1983.83,-4.20,5.65,-4.19,5.65,-5.66,-5.92,-9.85,-9.85,-9.84
2003.67,-4.31,5.73,-4.30,5.74,-5.75,-6.17,-10.05,-10.05,-10.03
2023.71,-4.41,5.84,-4.41,5.83,-5.83,-6.39,-10.23,-10.24,-10.24
2043.94,-4.53,5.91,-4.53,5.90,-5.90,-6.59,-10.42,-10.43,-10.43
2064.38,-4.66,5.95,-4.65,5.96,-5.95,-6.74,-10.61,-10.61,-10.60
2085.03,-4.79,6.00,-4.78,5.99,-6.00,-6.84,-10.78,-10.78,-10.78
2105.88,-4.91,6.02,-4.91,6.01,-6.02,-6.87,-10.93,-10.93,-10.92
2126.94,-5.03,6.02,-5.03,6.02,-6.03,-6.82,-11.05,-11.06,-11.04
2148.20,-5.15,6.00,-5.14,6.01,-6.01,-6.71,-11.15,-11.15,-11.14
2169.69,-5.26,5.98,-5.25,5.97,-5.97,-6.53,-11.22,-11.22,-11.23
2191.38,-5.35,5.92,-5.35,5.91,-5.90,-6.29,-11.24,-11.24,-11.26
2213.30,-5.43,5.82,-5.43,5.81,-5.80,-6.00,-11.23,-11.23,-11.24
2235.43,-5.50,5.68,-5.50,5.68,-5.67,-5.68,-11.17,-11.17,-11.17
2257.78,-5.55,5.52,-5.54,5.53,-5.52,-5.35,-11.06,-11.06,-11.06
2280.36,-5.57,5.35,-5.56,5.34,-5.33,-5.00,-10.90,-10.89,-10.91
2303.17,-5.55,5.14,-5.55,5.13,-5.12,-4.65,-10.67,-10.67,-10.68
2326.20,-5.52,4.89,-5.51,4.89,-4.89,-4.31,-10.40,-10.40,-10.40
2349.46,-5.46,4.61,-5.45,4.63,-4.63,-3.98,-10.09,-10.08,-10.06
2372.95,-5.36,4.36,-5.36,4.36,-4.36,-3.65,-9.72,-9.72,-9.71
2396.68,-5.25,4.09,-5.25,4.08,-4.08,-3.35,-9.32,-9.33,-9.33
2420.65,-5.13,3.79,-5.12,3.79,-3.78,-3.05,-8.91,-8.90,-8.91
2444.86,-4.98,3.49,-4.98,3.49,-3.48,-2.78,-8.45,-8.46,-8.46
2469.31,-4.83,3.17,-4.82,3.17,-3.16,-2.51,-7.99,-7.99,-7.99
2494.00,-4.66,2.85,-4.65,2.85,-2.85,-2.26,-7.51,-7.51,-7.50
2518.94,-4.48,2.53,-4.48,2.53,-2.54,-2.03,-7.01,-7.01,-7.00
2544.13,-4.30,2.23,-4.29,2.22,-2.23,-1.80,-6.52,-6.52,-6.52
2569.57,-4.11,1.92,-4.11,1.91,-1.92,-1.59,-6.03,-6.03,-6.02
2595.27,-3.93,1.61,-3.92,1.62,-1.62,-1.39,-5.55,-5.54,-5.53
2621.22,-3.74,1.33,-3.73,1.34,-1.34,-1.20,-5.08,-5.07,-5.06
2647.43,-3.55,1.08,-3.55,1.07,-1.07,-1.01,-4.62,-4.62,-4.62
2673.90,-3.38,0.83,-3.38,0.82,-0.82,-0.83,-4.20,-4.20,-4.20
2700.64,-3.23,0.57,-3.22,0.58,-0.59,-0.66,-3.81,-3.81,-3.79
2727.65,-3.07,0.35,-3.06,0.35,-0.37,-0.49,-3.44,-3.43,-3.41
2754.93,-2.91,0.16,-2.91,0.15,-0.17,-0.33,-3.07,-3.08,-3.06
2782.48,-2.77,-0.03,-2.76,-0.03,0.02,-0.17,-2.74,-2.74,-2.73
2810.30,-2.63,-0.20,-2.62,-0.20,0.21,-0.02,-2.42,-2.42,-2.42
2838.40,-2.50,-0.36,-2.49,-0.36,0.38,0.14,-2.11,-2.11,-2.13
2866.79,-2.38,-0.52,-2.38,-0.54,0.55,0.29,-1.82,-1.83,-1.85
2895.46,-2.28,-0.72,-2.28,-0.71,0.72,0.44,-1.55,-1.56,-1.55
2924.41,-2.21,-0.90,-2.20,-0.90,0.90,0.60,-1.31,-1.30,-1.30
2953.65,-2.14,-1.07,-2.14,-1.08,1.07,0.75,-1.06,-1.07,-1.06
2983.19,-2.10,-1.25,-2.09,-1.25,1.25,0.91,-0.84,-0.84,-0.84
3013.02,-2.07,-1.42,-2.06,-1.42,1.43,1.06,-0.63,-0.63,-0.64
3043.15,-2.05,-1.59,-2.05,-1.61,1.62,1.22,-0.43,-0.44,-0.45
3073.58,-2.07,-1.80,-2.06,-1.79,1.80,1.39,-0.27,-0.26,-0.26
3104.32,-2.08,-1.97,-2.07,-1.97,1.97,1.55,-0.10,-0.10,-0.10
3135.36,-2.10,-2.15,-2.09,-2.15,2.14,1.72,0.05,0.05,0.06
3166.72,-2.12,-2.31,-2.12,-2.31,2.31,1.89,0.19,0.19,0.20
3198.38,-2.15,-2.46,-2.15,-2.47,2.46,2.07,0.32,0.31,0.32
3230.37,-2.20,-2.61,-2.20,-2.61,2.60,2.25,0.41,0.40,0.42
3262.67,-2.26,-2.74,-2.25,-2.74,2.73,2.44,0.47,0.48,0.49
3295.30,-2.31,-2.84,-2.30,-2.85,2.84,2.62,0.53,0.53,0.54
3328.25,-2.36,-2.94,-2.36,-2.94,2.94,2.81,0.58,0.58,0.59
3361.53,-2.41,-3.03,-2.41,-3.03,3.03,3.00,0.62,0.62,0.63
3395.15,-2.47,-3.11,-2.46,-3.11,3.11,3.19,0.64,0.65,0.65
3429.10,-2.51,-3.17,-2.51,-3.17,3.18,3.38,0.68,0.68,0.67
3463.39,-2.55,-3.23,-2.54,-3.24,3.25,3.56,0.70,0.70,0.69
3498.03,-2.58,-3.30,-2.58,-3.31,3.31,3.73,0.73,0.73,0.73
3533.01,-2.60,-3.38,-2.60,-3.37,3.37,3.90,0.77,0.77,0.79
3568.34,-2.62,-3.44,-2.61,-3.43,3.42,4.04,0.81,0.81,0.83
3604.02,-2.61,-3.46,-2.61,-3.48,3.48,4.18,0.87,0.87,0.86
3640.06,-2.59,-3.51,-2.59,-3.52,3.53,4.29,0.94,0.94,0.93
3676.46,-2.56,-3.57,-2.55,-3.56,3.57,4.38,1.02,1.02,1.02
3713.22,-2.51,-3.61,-2.51,-3.62,3.61,4.45,1.11,1.11,1.11
3750.36,-2.45,-3.67,-2.44,-3.67,3.66,4.49,1.21,1.21,1.23
3787.86,-2.36,-3.70,-2.35,-3.70,3.70,4.51,1.34,1.35,1.35
3825.74,-2.25,-3.74,-2.24,-3.74,3.74,4.50,1.50,1.50,1.50
3864.00,-2.12,-3.76,-2.12,-3.77,3.79,4.47,1.67,1.67,1.65
3902.64,-1.98,-3.80,-1.98,-3.81,3.83,4.41,1.85,1.85,1.83
3941.66,-1.83,-3.85,-1.83,-3.86,3.86,4.34,2.04,2.03,2.03
3981.08,-1.68,-3.91,-1.67,-3.90,3.89,4.26,2.22,2.22,2.24
4020.89,-1.51,-3.93,-1.50,-3.93,3.91,4.17,2.41,2.41,2.43
4061.10,-1.33,-3.93,-1.33,-3.94,3.93,4.06,2.60,2.60,2.61
4101.71,-1.14,-3.92,-1.14,-3.93,3.93,3.96,2.79,2.79,2.79
4142.73,-0.94,-3.92,-0.93,-3.91,3.91,3.85,2.97,2.98,2.99
4184.15,-0.72,-3.88,-0.71,-3.88,3.88,3.74,3.16,3.16,3.17
4226.00,-0.48,-3.83,-0.48,-3.84,3.83,3.63,3.35,3.35,3.36
4268.26,-0.24,-3.79,-0.23,-3.78,3.77,3.53,3.53,3.53,3.56
4310.94,0.02,-3.70,0.02,-3.70,3.70,3.44,3.72,3.72,3.73
4354.05,0.28,-3.61,0.29,-3.62,3.62,3.36,3.90,3.90,3.90
4397.59,0.55,-3.53,0.55,-3.53,3.53,3.28,4.09,4.09,4.09
4441.56,0.82,-3.44,0.82,-3.45,3.44,3.21,4.27,4.26,4.27
4485.98,1.08,-3.36,1.09,-3.37,3.36,3.15,4.44,4.45,4.45
4530.84,1.34,-3.30,1.35,-3.29,3.28,3.11,4.63,4.64,4.65
4576.15,1.61,-3.21,1.61,-3.22,3.22,3.08,4.84,4.83,4.83
4621.91,1.87,-3.16,1.87,-3.17,3.18,3.06,5.05,5.04,5.04
4668.13,2.10,-3.14,2.11,-3.14,3.15,3.05,5.26,5.26,5.25
4714.81,2.34,-3.13,2.34,-3.14,3.16,3.06,5.50,5.50,5.48
4761.96,2.55,-3.17,2.56,-3.17,3.18,3.09,5.74,5.74,5.73
4809.58,2.77,-3.22,2.77,-3.23,3.24,3.13,6.01,6.01,6.00
4857.67,2.97,-3.31,2.97,-3.32,3.32,3.20,6.29,6.29,6.29
4906.25,3.16,-3.43,3.17,-3.43,3.42,3.29,6.59,6.59,6.60
4955.31,3.35,-3.56,3.35,-3.56,3.56,3.40,6.91,6.91,6.92
5004.87,3.53,-3.70,3.54,-3.70,3.71,3.53,7.25,7.25,7.24
5054.91,3.71,-3.86,3.71,-3.87,3.89,3.70,7.60,7.60,7.58
5105.46,3.88,-4.05,3.88,-4.06,4.08,3.90,7.96,7.96,7.94
5156.52,4.04,-4.27,4.04,-4.27,4.28,4.13,8.32,8.32,8.32
5208.08,4.19,-4.48,4.19,-4.48,4.48,4.39,8.67,8.67,8.68
5260.16,4.33,-4.69,4.34,-4.69,4.68,4.68,9.01,9.01,9.03
5312.77,4.47,-4.88,4.47,-4.88,4.87,5.00,9.34,9.34,9.36
5365.89,4.60,-5.07,4.60,-5.07,5.04,5.34,9.65,9.65,9.68
5419.55,4.73,-5.22,4.73,-5.22,5.20,5.68,9.94,9.93,9.96
5473.75,4.85,-5.36,4.86,-5.35,5.36,5.99,10.21,10.22,10.22
5528.49,4.97,-5.46,4.98,-5.46,5.49,6.24,10.47,10.47,10.44
5583.77,5.09,-5.53,5.08,-5.54,5.59,6.41,10.69,10.68,10.63
5639.61,5.17,-5.63,5.17,-5.61,5.65,6.47,10.83,10.82,10.81
5696.00,5.24,-5.68,5.24,-5.67,5.67,6.40,10.91,10.90,10.93
5752.96,5.30,-5.73,5.29,-5.72,5.63,6.23,10.93,10.92,11.04
5810.49,5.34,-5.77,5.33,-5.75,5.54,5.97,10.88,10.87,11.12
5868.60,5.38,-5.80,5.36,-5.77,5.40,5.65,10.78,10.76,11.19
5927.28,5.40,-5.81,5.37,-5.77,5.22,5.31,10.62,10.59,11.22
5986.56,5.40,-5.80,5.37,-5.75,4.99,4.97,10.40,10.36,11.21
6046.42,5.39,-5.76,5.34,-5.69,4.74,4.64,10.13,10.08,11.16
6106.89,5.37,-5.68,5.30,-5.59,4.46,4.33,9.84,9.77,11.06
6167.96,5.33,-5.57,5.25,-5.45,4.18,4.05,9.52,9.43,10.91
6229.64,5.28,-5.43,5.16,-5.28,3.91,3.79,9.19,9.07,10.72
6291.93,5.21,-5.26,5.06,-5.07,3.65,3.55,8.86,8.71,10.48
6354.85,5.12,-5.07,4.93,-4.82,3.39,3.33,8.51,8.32,10.20
6418.40,5.04,-4.80,4.79,-4.52,3.13,3.12,8.17,7.92,9.85
6482.58,4.94,-4.50,4.62,-4.16,2.87,2.91,7.82,7.50,9.45
6547.41,4.83,-4.11,4.43,-3.75,2.61,2.70,7.45,7.04,8.95
6612.88,4.68,-3.71,4.20,-3.31,2.35,2.48,7.04,6.56,8.40
6679.01,4.53,-3.24,3.95,-2.85,2.09,2.26,6.63,6.05,7.78
6745.80,4.35,-2.74,3.68,-2.38,1.83,2.04,6.19,5.51,7.10
6813.26,4.15,-2.20,3.39,-1.93,1.57,1.81,5.72,4.96,6.36
6881.39,3.93,-1.61,3.09,-1.51,1.31,1.58,5.24,4.40,5.55
6950.21,3.68,-1.03,2.79,-1.14,1.05,1.34,4.73,3.84,4.72
7019.71,3.40,-0.45,2.51,-0.82,0.80,1.11,4.21,3.32,3.86
7089.91,3.12,0.14,2.26,-0.55,0.57,0.88,3.69,2.83,2.99
7160.81,2.83,0.73,2.03,-0.32,0.35,0.65,3.18,2.38,2.11
7232.41,2.53,1.31,1.83,-0.12,0.14,0.43,2.68,1.97,1.23
7304.74,2.23,1.90,1.66,0.06,-0.05,0.22,2.19,1.61,0.34
7377.79,1.93,2.46,1.50,0.22,-0.22,0.01,1.72,1.29,-0.52
7451.56,1.64,2.99,1.37,0.37,-0.38,-0.18,1.26,0.99,-1.34
7526.08,1.36,3.52,1.25,0.52,-0.53,-0.37,0.83,0.72,-2.15
7601.34,1.07,3.98,1.14,0.67,-0.68,-0.55,0.39,0.46,-2.90
7677.35,0.81,4.43,1.04,0.82,-0.83,-0.72,-0.01,0.21,-3.61
7754.13,0.55,4.84,0.94,0.97,-0.97,-0.89,-0.42,-0.04,-4.28
7831.67,0.33,5.25,0.84,1.12,-1.12,-1.04,-0.79,-0.28,-4.91
7909.98,0.11,5.59,0.74,1.27,-1.27,-1.20,-1.16,-0.53,-5.47
7989.08,-0.10,5.89,0.65,1.43,-1.42,-1.34,-1.52,-0.78,-5.98
8068.98,-0.31,6.13,0.55,1.58,-1.57,-1.48,-1.88,-1.02,-6.43
8149.67,-0.50,6.31,0.46,1.72,-1.72,-1.62,-2.22,-1.27,-6.80
8231.16,-0.70,6.43,0.36,1.87,-1.87,-1.75,-2.57,-1.51,-7.12
8313.47,-0.90,6.47,0.26,2.02,-2.02,-1.88,-2.91,-1.75,-7.36
8396.61,-1.10,6.43,0.17,2.16,-2.16,-2.01,-3.26,-1.99,-7.52
8480.57,-1.32,6.30,0.08,2.30,-2.30,-2.13,-3.62,-2.23,-7.61
8565.38,-1.54,6.10,-0.02,2.44,-2.44,-2.25,-3.98,-2.46,-7.63
8651.03,-1.78,5.80,-0.10,2.58,-2.58,-2.37,-4.36,-2.69,-7.57
8737.54,-2.02,5.45,-0.19,2.72,-2.72,-2.49,-4.73,-2.91,-7.46
8824.92,-2.28,5.01,-0.28,2.85,-2.85,-2.61,-5.13,-3.13,-7.28
8913.17,-2.55,4.52,-0.36,2.98,-2.98,-2.72,-5.52,-3.34,-7.06
9002.30,-2.82,3.99,-0.44,3.10,-3.11,-2.83,-5.92,-3.55,-6.80
9092.32,-3.09,3.46,-0.52,3.23,-3.23,-2.95,-6.31,-3.75,-6.54
9183.25,-3.36,2.94,-0.60,3.34,-3.34,-3.06,-6.70,-3.94,-6.29
9275.08,-3.63,2.40,-0.67,3.46,-3.46,-3.17,-7.08,-4.13,-6.02
9367.83,-3.91,1.88,-0.75,3.56,-3.56,-3.28,-7.47,-4.31,-5.78
9461.51,-4.18,1.39,-0.83,3.66,-3.65,-3.39,-7.83,-4.48,-5.56
9556.12,-4.47,0.95,-0.91,3.75,-3.73,-3.50,-8.20,-4.64,-5.41
9651.68,-4.79,0.54,-0.99,3.83,-3.81,-3.61,-8.60,-4.80,-5.32
9748.20,-5.10,0.18,-1.07,3.91,-3.89,-3.72,-8.98,-4.96,-5.27
9845.68,-5.40,-0.10,-1.15,3.97,-3.96,-3.83,-9.36,-5.12,-5.29
9944.14,-5.70,-0.34,-1.24,4.02,-4.04,-3.94,-9.74,-5.28,-5.35
10043.58,-5.95,-0.48,-1.33,4.07,-4.13,-4.05,-10.07,-5.45,-5.46
10144.02,-6.17,-0.51,-1.46,4.19,-4.22,-4.16,-10.38,-5.68,-5.65
10245.46,-6.33,-0.43,-1.59,4.32,-4.32,-4.27,-10.64,-5.91,-5.89
10347.91,-6.42,-0.25,-1.73,4.44,-4.43,-4.37,-10.84,-6.16,-6.16
10451.39,-6.42,0.04,-1.86,4.56,-4.55,-4.48,-10.96,-6.41,-6.45
10555.91,-6.32,0.45,-2.00,4.68,-4.67,-4.59,-10.98,-6.67,-6.76
10661.46,-6.12,0.96,-2.14,4.80,-4.79,-4.70,-10.91,-6.94,-7.07
10768.08,-5.83,1.59,-2.28,4.92,-4.92,-4.80,-10.74,-7.20,-7.41
10875.76,-5.45,2.29,-2.42,5.04,-5.04,-4.91,-10.48,-7.46,-7.73
10984.52,-5.00,3.05,-2.57,5.16,-5.16,-5.02,-10.15,-7.72,-8.04
11094.36,-4.49,3.88,-2.71,5.27,-5.27,-5.12,-9.76,-7.99,-8.36
11205.31,-3.96,4.69,-2.86,5.39,-5.39,-5.23,-9.35,-8.25,-8.64
11317.36,-3.42,5.54,-3.00,5.51,-5.51,-5.33,-8.92,-8.51,-8.95
11430.53,-2.90,6.36,-3.15,5.62,-5.62,-5.44,-8.52,-8.77,-9.25
11544.84,-2.42,7.12,-3.30,5.74,-5.74,-5.54,-8.15,-9.04,-9.53
11660.29,-1.98,7.86,-3.45,5.85,-5.85,-5.65,-7.83,-9.30,-9.83
11776.89,-1.61,8.53,-3.60,5.97,-5.97,-5.75,-7.57,-9.57,-10.13
11894.66,-1.28,9.13,-3.76,6.08,-6.08,-5.86,-7.35,-9.84,-10.40
12013.60,-1.02,9.67,-3.91,6.19,-6.19,-5.96,-7.21,-10.10,-10.68
12133.74,-0.82,10.12,-4.07,6.30,-6.30,-6.07,-7.12,-10.37,-10.93
12255.08,-0.68,10.50,-4.23,6.41,-6.41,-6.17,-7.09,-10.64,-11.17
12377.63,-0.58,10.82,-4.38,6.52,-6.52,-6.27,-7.10,-10.91,-11.39
12501.41,-0.51,11.07,-4.54,6.63,-6.63,-6.38,-7.14,-11.18,-11.57
12626.42,-0.48,11.23,-4.71,6.74,-6.74,-6.48,-7.22,-11.45,-11.70
12752.68,-0.46,11.33,-4.87,6.85,-6.85,-6.59,-7.31,-11.72,-11.78
12880.21,-0.47,11.31,-5.03,6.96,-6.96,-6.69,-7.42,-11.99,-11.77
13009.01,-0.51,11.19,-5.20,7.06,-7.06,-6.80,-7.57,-12.26,-11.69
13139.10,-0.57,10.97,-5.36,7.17,-7.17,-6.90,-7.74,-12.53,-11.53
13270.49,-0.67,10.63,-5.53,7.28,-7.28,-7.01,-7.94,-12.81,-11.29
13403.20,-0.81,10.16,-5.70,7.38,-7.38,-7.11,-8.19,-13.08,-10.96
13537.23,-1.01,9.56,-5.87,7.49,-7.49,-7.22,-8.49,-13.35,-10.56
13672.60,-1.23,8.91,-6.04,7.59,-7.59,-7.32,-8.81,-13.63,-10.13
13809.33,-1.50,8.20,-6.21,7.69,-7.69,-7.43,-9.19,-13.91,-9.69
13947.42,-1.79,7.47,-6.39,7.79,-7.79,-7.53,-9.58,-14.18,-9.25
14086.90,-2.11,6.72,-6.56,7.90,-7.90,-7.64,-10.00,-14.46,-8.82
14227.77,-2.44,5.98,-6.74,8.00,-8.00,-7.75,-10.43,-14.74,-8.41
14370.04,-2.78,5.32,-6.92,8.10,-8.10,-7.85,-10.87,-15.01,-8.09
14513.74,-3.14,4.75,-7.10,8.20,-8.20,-7.96,-11.33,-15.29,-7.88
14658.88,-3.51,4.26,-7.28,8.30,-8.30,-8.07,-11.80,-15.57,-7.76
14805.47,-3.89,3.87,-7.46,8.39,-8.39,-8.18,-12.28,-15.85,-7.75
14953.52,-4.26,3.62,-7.64,8.49,-8.49,-8.28,-12.75,-16.13,-7.87
15103.06,-4.63,3.50,-7.83,8.59,-8.59,-8.39,-13.21,-16.41,-8.12
15254.09,-4.99,3.51,-8.01,8.68,-8.68,-8.50,-13.67,-16.70,-8.49
15406.63,-5.36,3.62,-8.20,8.78,-8.78,-8.61,-14.14,-16.98,-8.97
15560.70,-5.72,3.82,-8.39,8.87,-8.87,-8.72,-14.59,-17.26,-9.53
15716.30,-6.08,4.08,-8.58,8.97,-8.97,-8.83,-15.04,-17.55,-10.15
15873.47,-6.45,4.39,-8.77,9.06,-9.06,-8.94,-15.51,-17.83,-10.83
16032.20,-6.83,4.76,-8.96,9.16,-9.16,-9.05,-15.98,-18.12,-11.58
16192.52,-7.26,5.18,-9.15,9.25,-9.25,-9.16,-16.50,-18.40,-12.43
16354.45,-7.72,5.56,-9.35,9.34,-9.34,-9.27,-17.05,-18.69,-13.27
16517.99,-8.21,5.89,-9.54,9.43,-9.43,-9.38,-17.64,-18.97,-14.09
16683.17,-8.73,6.18,-9.74,9.52,-9.52,-9.49,-18.25,-19.26,-14.90
16850.01,-9.28,6.45,-9.94,9.61,-9.61,-9.59,-18.89,-19.55,-15.72
17018.51,-9.86,6.72,-10.14,9.70,-9.70,-9.70,-19.55,-19.84,-16.57
17188.69,-10.47,7.15,-10.34,9.79,-9.79,-9.81,-20.25,-20.13,-17.61
17360.58,-11.11,7.58,-10.54,9.88,-9.88,-9.91,-20.98,-20.42,-18.68
17534.18,-11.79,8.04,-10.75,9.96,-9.96,-10.01,-21.75,-20.71,-19.82
17709.53,-12.48,8.53,-10.95,10.05,-10.05,-10.11,-22.52,-21.00,-21.00
17886.62,-13.17,9.06,-11.16,10.13,-10.13,-10.21,-23.30,-21.29,-22.22
18065.49,-13.84,9.59,-11.37,10.22,-10.22,-10.30,-24.05,-21.58,-23.42
18246.14,-14.43,10.38,-11.57,10.30,-10.30,-10.39,-24.73,-21.88,-24.80
18428.60,-14.98,11.20,-11.78,10.39,-10.39,-10.47,-25.36,-22.17,-26.17
18612.89,-15.50,12.08,-12.00,10.47,-10.47,-10.55,-25.97,-22.47,-27.57
18799.02,-16.01,12.97,-12.21,10.55,-10.55,-10.62,-26.56,-22.76,-28.97
18987.01,-16.49,13.88,-12.42,10.63,-10.63,-10.67,-27.12,-23.06,-30.36
19176.88,-16.95,15.13,-12.64,10.72,-10.72,-10.72,-27.66,-23.35,-32.07
19368.65,-17.39,16.43,-12.85,10.80,-10.80,-10.75,-28.18,-23.65,-33.81
19562.33,-17.82,17.74,-13.07,10.88,-10.88,-10.76,-28.69,-23.95,-35.55
19757.96,-18.21,19.10,-13.29,10.95,-10.95,-10.75,-29.16,-24.25,-37.30
19955.54,-18.59,20.48,-13.51,11.03,-11.03,-10.70,-29.62,-24.54,-39.06
