frequency,raw,error,smoothed,error_smoothed,equalization,parametric_eq,fixed_band_eq,equalized_raw,equalized_smoothed,target
20.00,1.93,0.39,1.93,0.39,-0.39,-0.42,0.20,1.54,1.54,1.54
20.20,1.97,0.38,1.97,0.38,-0.38,-0.42,0.20,1.59,1.59,1.59
20.40,2.01,0.37,2.01,0.37,-0.37,-0.42,0.21,1.64,1.64,1.64
20.61,2.06,0.37,2.06,0.37,-0.37,-0.41,0.21,1.69,1.69,1.69
20.81,2.10,0.36,2.10,0.36,-0.36,-0.41,0.22,1.74,1.74,1.74
21.02,2.14,0.35,2.14,0.35,-0.36,-0.40,0.23,1.79,1.79,1.79
21.23,2.18,0.35,2.19,0.34,-0.35,-0.39,0.23,1.83,1.84,1.84
21.44,2.23,0.34,2.23,0.34,-0.34,-0.38,0.24,1.88,1.88,1.89
21.66,2.27,0.33,2.27,0.34,-0.34,-0.37,0.25,1.93,1.93,1.94
21.87,2.31,0.34,2.31,0.33,-0.34,-0.36,0.25,1.97,1.97,1.97
22.09,2.34,0.33,2.34,0.34,-0.34,-0.35,0.26,2.00,2.00,2.01
22.31,2.38,0.33,2.38,0.34,-0.33,-0.33,0.27,2.04,2.05,2.04
22.54,2.41,0.33,2.41,0.33,-0.32,-0.31,0.28,2.09,2.09,2.08
22.76,2.44,0.32,2.44,0.32,-0.30,-0.30,0.28,2.14,2.14,2.12
22.99,2.47,0.29,2.46,0.29,-0.28,-0.28,0.29,2.19,2.18,2.17
23.22,2.47,0.25,2.47,0.26,-0.25,-0.25,0.30,2.22,2.22,2.22
23.45,2.47,0.22,2.48,0.21,-0.22,-0.23,0.31,2.26,2.26,2.26
23.69,2.48,0.18,2.48,0.17,-0.19,-0.21,0.32,2.29,2.29,2.30
23.92,2.48,0.14,2.48,0.14,-0.16,-0.19,0.32,2.33,2.33,2.35
24.16,2.49,0.11,2.49,0.11,-0.13,-0.16,0.33,2.36,2.36,2.37
24.40,2.49,0.09,2.49,0.09,-0.10,-0.13,0.34,2.39,2.39,2.40
24.65,2.50,0.08,2.50,0.08,-0.08,-0.11,0.35,2.42,2.42,2.42
24.89,2.50,0.06,2.51,0.06,-0.05,-0.08,0.36,2.45,2.45,2.45
25.14,2.51,0.04,2.51,0.04,-0.03,-0.05,0.37,2.48,2.48,2.47
25.39,2.52,0.02,2.51,0.01,0.00,-0.02,0.38,2.52,2.51,2.50
25.65,2.50,-0.02,2.50,-0.02,0.03,0.01,0.39,2.54,2.54,2.53
25.91,2.49,-0.07,2.49,-0.06,0.07,0.03,0.40,2.56,2.56,2.56
26.16,2.48,-0.11,2.48,-0.11,0.10,0.06,0.41,2.58,2.58,2.59
26.43,2.46,-0.15,2.46,-0.15,0.14,0.09,0.42,2.61,2.61,2.62
26.69,2.45,-0.19,2.45,-0.19,0.19,0.12,0.43,2.64,2.64,2.64
26.96,2.44,-0.23,2.44,-0.23,0.22,0.15,0.44,2.67,2.67,2.67
27.23,2.43,-0.26,2.43,-0.26,0.26,0.18,0.44,2.69,2.69,2.69
27.50,2.42,-0.30,2.42,-0.30,0.30,0.22,0.45,2.71,2.71,2.71
27.77,2.41,-0.33,2.40,-0.33,0.33,0.25,0.46,2.73,2.73,2.74
28.05,2.39,-0.36,2.40,-0.36,0.36,0.28,0.47,2.75,2.76,2.76
28.33,2.39,-0.39,2.40,-0.39,0.39,0.31,0.48,2.78,2.78,2.78
28.62,2.40,-0.41,2.40,-0.41,0.41,0.34,0.49,2.81,2.81,2.82
28.90,2.41,-0.44,2.41,-0.44,0.44,0.37,0.50,2.85,2.85,2.85
29.19,2.42,-0.46,2.42,-0.46,0.46,0.40,0.51,2.88,2.88,2.88
29.48,2.42,-0.49,2.42,-0.49,0.49,0.43,0.52,2.91,2.91,2.91
29.78,2.42,-0.51,2.42,-0.51,0.52,0.46,0.53,2.94,2.94,2.94
30.08,2.42,-0.55,2.42,-0.54,0.55,0.49,0.53,2.97,2.97,2.96
30.38,2.41,-0.58,2.41,-0.58,0.58,0.52,0.54,2.99,2.99,2.99
30.68,2.40,-0.61,2.40,-0.61,0.61,0.55,0.55,3.01,3.01,3.02
30.99,2.40,-0.65,2.40,-0.65,0.65,0.58,0.55,3.04,3.04,3.04
31.30,2.39,-0.68,2.39,-0.68,0.68,0.61,0.56,3.07,3.07,3.07
31.61,2.39,-0.71,2.39,-0.71,0.71,0.64,0.57,3.10,3.10,3.10
31.93,2.39,-0.74,2.39,-0.74,0.74,0.67,0.57,3.13,3.13,3.13
32.24,2.39,-0.77,2.38,-0.77,0.77,0.70,0.58,3.16,3.16,3.16
32.57,2.38,-0.80,2.38,-0.81,0.80,0.72,0.59,3.19,3.18,3.19
32.89,2.38,-0.84,2.39,-0.83,0.82,0.75,0.59,3.21,3.21,3.22
33.22,2.40,-0.85,2.40,-0.85,0.85,0.78,0.60,3.24,3.24,3.25
33.55,2.41,-0.87,2.41,-0.87,0.87,0.81,0.60,3.28,3.28,3.28
33.89,2.42,-0.89,2.42,-0.89,0.89,0.83,0.61,3.31,3.31,3.31
34.23,2.43,-0.91,2.44,-0.91,0.92,0.86,0.61,3.35,3.35,3.34
34.57,2.45,-0.92,2.44,-0.93,0.94,0.89,0.62,3.39,3.39,3.37
34.92,2.45,-0.96,2.45,-0.96,0.97,0.91,0.62,3.42,3.42,3.41
35.27,2.44,-1.00,2.44,-1.00,1.00,0.94,0.62,3.44,3.44,3.44
35.62,2.44,-1.04,2.44,-1.04,1.03,0.96,0.63,3.47,3.47,3.47
35.97,2.43,-1.08,2.43,-1.08,1.06,0.99,0.63,3.50,3.50,3.51
36.33,2.43,-1.11,2.43,-1.11,1.10,1.01,0.64,3.52,3.52,3.54
36.70,2.42,-1.13,2.42,-1.13,1.13,1.03,0.65,3.54,3.54,3.55
37.06,2.40,-1.15,2.40,-1.16,1.15,1.05,0.65,3.55,3.55,3.55
37.43,2.38,-1.18,2.38,-1.18,1.18,1.07,0.66,3.56,3.56,3.56
37.81,2.37,-1.20,2.37,-1.20,1.21,1.09,0.66,3.57,3.57,3.57
38.19,2.35,-1.23,2.35,-1.23,1.24,1.11,0.67,3.59,3.58,3.57
38.57,2.32,-1.26,2.32,-1.26,1.27,1.13,0.68,3.59,3.59,3.58
38.95,2.29,-1.29,2.29,-1.29,1.30,1.14,0.68,3.59,3.60,3.59
39.34,2.26,-1.33,2.26,-1.33,1.34,1.16,0.69,3.60,3.60,3.59
39.74,2.23,-1.37,2.22,-1.37,1.37,1.17,0.70,3.59,3.59,3.60
40.14,2.19,-1.41,2.19,-1.41,1.39,1.18,0.71,3.59,3.59,3.60
40.54,2.17,-1.44,2.17,-1.43,1.42,1.20,0.72,3.59,3.59,3.61
40.94,2.17,-1.45,2.16,-1.45,1.44,1.21,0.73,3.60,3.60,3.61
41.35,2.16,-1.45,2.16,-1.45,1.45,1.22,0.74,3.62,3.61,3.62
41.76,2.16,-1.46,2.16,-1.46,1.46,1.23,0.75,3.63,3.63,3.62
42.18,2.16,-1.46,2.16,-1.46,1.47,1.23,0.76,3.63,3.63,3.62
42.60,2.16,-1.47,2.16,-1.47,1.48,1.24,0.77,3.64,3.64,3.63
43.03,2.15,-1.48,2.15,-1.48,1.49,1.25,0.79,3.64,3.64,3.63
43.46,2.14,-1.49,2.14,-1.49,1.49,1.26,0.80,3.63,3.64,3.63
43.90,2.13,-1.50,2.13,-1.50,1.49,1.26,0.81,3.63,3.63,3.63
44.33,2.13,-1.51,2.12,-1.51,1.49,1.27,0.83,3.62,3.62,3.63
44.78,2.12,-1.51,2.12,-1.50,1.49,1.27,0.84,3.61,3.61,3.63
45.23,2.13,-1.49,2.13,-1.49,1.48,1.28,0.86,3.61,3.61,3.62
45.68,2.15,-1.46,2.15,-1.47,1.46,1.28,0.88,3.61,3.61,3.61
46.13,2.17,-1.44,2.17,-1.44,1.44,1.28,0.89,3.61,3.61,3.61
46.60,2.19,-1.41,2.19,-1.41,1.42,1.29,0.91,3.61,3.61,3.60
47.06,2.21,-1.38,2.21,-1.39,1.39,1.29,0.93,3.60,3.60,3.59
47.53,2.23,-1.37,2.23,-1.37,1.37,1.29,0.95,3.60,3.60,3.59
48.01,2.25,-1.35,2.25,-1.35,1.35,1.29,0.97,3.60,3.60,3.60
48.49,2.27,-1.34,2.27,-1.33,1.33,1.30,0.99,3.60,3.60,3.61
48.97,2.30,-1.32,2.30,-1.32,1.32,1.30,1.01,3.62,3.62,3.62
49.46,2.32,-1.30,2.31,-1.31,1.32,1.30,1.03,3.63,3.63,3.62
49.96,2.33,-1.30,2.32,-1.31,1.32,1.30,1.05,3.64,3.64,3.63
50.46,2.31,-1.32,2.31,-1.31,1.32,1.30,1.07,3.63,3.64,3.63
50.96,2.30,-1.33,2.30,-1.33,1.33,1.31,1.09,3.63,3.63,3.63
51.47,2.28,-1.35,2.28,-1.35,1.34,1.31,1.12,3.63,3.63,3.63
51.99,2.27,-1.36,2.27,-1.36,1.36,1.31,1.14,3.63,3.63,3.63
52.51,2.26,-1.38,2.26,-1.38,1.38,1.31,1.16,3.63,3.64,3.64
53.03,2.26,-1.39,2.25,-1.39,1.39,1.31,1.18,3.65,3.65,3.65
53.56,2.25,-1.40,2.25,-1.40,1.40,1.31,1.20,3.66,3.66,3.65
54.10,2.25,-1.41,2.25,-1.41,1.41,1.31,1.23,3.66,3.66,3.66
54.64,2.25,-1.42,2.25,-1.42,1.41,1.31,1.25,3.66,3.66,3.67
55.18,2.25,-1.42,2.25,-1.42,1.41,1.31,1.27,3.66,3.66,3.67
55.74,2.25,-1.40,2.25,-1.41,1.40,1.30,1.29,3.65,3.65,3.65
56.29,2.25,-1.39,2.25,-1.39,1.39,1.30,1.31,3.64,3.64,3.64
56.86,2.25,-1.38,2.25,-1.38,1.38,1.30,1.33,3.63,3.63,3.63
57.42,2.25,-1.36,2.25,-1.36,1.37,1.30,1.34,3.62,3.62,3.61
58.00,2.25,-1.35,2.25,-1.35,1.36,1.30,1.36,3.61,3.61,3.60
58.58,2.24,-1.34,2.24,-1.34,1.35,1.29,1.38,3.59,3.59,3.58
59.16,2.23,-1.34,2.23,-1.34,1.34,1.29,1.39,3.57,3.57,3.57
59.76,2.22,-1.33,2.22,-1.33,1.33,1.28,1.40,3.55,3.55,3.55
60.35,2.21,-1.33,2.21,-1.33,1.32,1.28,1.42,3.54,3.54,3.54
60.96,2.20,-1.32,2.20,-1.32,1.32,1.27,1.43,3.52,3.52,3.53
61.57,2.19,-1.31,2.19,-1.31,1.30,1.27,1.43,3.50,3.50,3.50
62.18,2.19,-1.29,2.19,-1.29,1.29,1.26,1.44,3.48,3.48,3.48
62.80,2.18,-1.27,2.18,-1.28,1.28,1.25,1.45,3.45,3.45,3.45
63.43,2.17,-1.26,2.17,-1.26,1.26,1.24,1.45,3.43,3.43,3.43
64.07,2.16,-1.24,2.16,-1.24,1.24,1.24,1.45,3.40,3.40,3.40
64.71,2.16,-1.22,2.16,-1.22,1.22,1.23,1.46,3.38,3.38,3.38
65.35,2.15,-1.20,2.15,-1.20,1.20,1.21,1.46,3.35,3.35,3.35
66.01,2.14,-1.19,2.14,-1.19,1.18,1.20,1.45,3.33,3.33,3.33
66.67,2.14,-1.17,2.14,-1.17,1.17,1.19,1.45,3.31,3.31,3.31
67.33,2.13,-1.15,2.13,-1.15,1.16,1.18,1.45,3.29,3.29,3.28
68.01,2.12,-1.14,2.11,-1.15,1.16,1.16,1.44,3.27,3.27,3.26
68.69,2.09,-1.14,2.09,-1.14,1.15,1.15,1.44,3.25,3.25,3.24
69.37,2.07,-1.15,2.07,-1.15,1.15,1.13,1.43,3.22,3.22,3.22
70.07,2.05,-1.15,2.05,-1.15,1.15,1.12,1.42,3.19,3.19,3.20
70.77,2.02,-1.16,2.02,-1.16,1.15,1.10,1.41,3.17,3.17,3.18
71.48,2.00,-1.15,2.00,-1.15,1.14,1.08,1.40,3.14,3.14,3.15
72.19,1.97,-1.14,1.97,-1.14,1.14,1.06,1.40,3.11,3.11,3.11
72.91,1.94,-1.13,1.94,-1.13,1.13,1.05,1.39,3.07,3.07,3.07
73.64,1.91,-1.11,1.91,-1.11,1.12,1.03,1.38,3.03,3.03,3.03
74.38,1.88,-1.10,1.88,-1.10,1.10,1.01,1.37,2.98,2.98,2.98
75.12,1.85,-1.08,1.85,-1.08,1.08,1.00,1.36,2.94,2.94,2.94
75.87,1.82,-1.07,1.82,-1.07,1.06,0.99,1.35,2.88,2.88,2.89
76.63,1.78,-1.05,1.78,-1.05,1.05,0.97,1.34,2.83,2.83,2.83
77.40,1.74,-1.03,1.75,-1.03,1.03,0.97,1.33,2.78,2.78,2.78
78.17,1.71,-1.02,1.71,-1.02,1.02,0.96,1.33,2.73,2.73,2.73
78.95,1.67,-1.00,1.67,-1.00,1.01,0.96,1.32,2.68,2.68,2.67
79.74,1.63,-1.00,1.63,-1.00,1.01,0.96,1.31,2.64,2.64,2.63
80.54,1.58,-1.01,1.58,-1.00,1.01,0.96,1.31,2.59,2.59,2.59
81.35,1.54,-1.02,1.54,-1.01,1.01,0.96,1.30,2.55,2.55,2.55
82.16,1.49,-1.02,1.49,-1.02,1.02,0.97,1.30,2.51,2.51,2.52
82.98,1.45,-1.03,1.44,-1.03,1.03,0.98,1.30,2.47,2.47,2.48
83.81,1.39,-1.04,1.39,-1.04,1.04,1.00,1.29,2.43,2.43,2.44
84.65,1.33,-1.06,1.34,-1.06,1.05,1.01,1.29,2.39,2.39,2.39
85.50,1.28,-1.07,1.28,-1.07,1.06,1.03,1.29,2.34,2.34,2.34
86.35,1.22,-1.08,1.22,-1.08,1.08,1.04,1.29,2.30,2.30,2.30
87.22,1.16,-1.09,1.16,-1.09,1.10,1.06,1.30,2.26,2.26,2.25
88.09,1.09,-1.11,1.09,-1.12,1.13,1.08,1.30,2.22,2.22,2.21
88.97,1.03,-1.15,1.03,-1.15,1.16,1.10,1.30,2.19,2.19,2.18
89.86,0.96,-1.19,0.96,-1.19,1.19,1.11,1.31,2.16,2.16,2.15
90.76,0.89,-1.23,0.89,-1.23,1.23,1.13,1.31,2.12,2.12,2.13
91.66,0.83,-1.27,0.83,-1.28,1.27,1.15,1.32,2.09,2.09,2.10
92.58,0.76,-1.32,0.77,-1.31,1.30,1.16,1.33,2.06,2.07,2.08
93.51,0.72,-1.34,0.72,-1.35,1.34,1.18,1.34,2.06,2.06,2.07
94.44,0.69,-1.37,0.69,-1.37,1.37,1.19,1.35,2.06,2.05,2.06
95.39,0.65,-1.39,0.65,-1.39,1.40,1.21,1.36,2.05,2.05,2.05
96.34,0.62,-1.41,0.61,-1.42,1.43,1.22,1.37,2.04,2.04,2.03
97.30,0.58,-1.44,0.59,-1.44,1.45,1.24,1.38,2.03,2.04,2.03
98.28,0.58,-1.47,0.58,-1.47,1.47,1.25,1.40,2.05,2.05,2.05
99.26,0.59,-1.49,0.58,-1.49,1.49,1.26,1.41,2.08,2.07,2.08
100.25,0.59,-1.51,0.59,-1.51,1.50,1.27,1.42,2.10,2.10,2.11
101.25,0.60,-1.52,0.60,-1.52,1.51,1.28,1.44,2.11,2.11,2.12
102.27,0.61,-1.52,0.61,-1.52,1.52,1.29,1.45,2.13,2.13,2.13
103.29,0.63,-1.52,0.63,-1.52,1.52,1.30,1.47,2.14,2.15,2.15
104.32,0.65,-1.52,0.65,-1.52,1.52,1.31,1.48,2.17,2.16,2.16
105.37,0.67,-1.51,0.67,-1.51,1.51,1.32,1.50,2.18,2.18,2.18
106.42,0.69,-1.50,0.69,-1.50,1.51,1.33,1.52,2.20,2.20,2.19
107.48,0.72,-1.49,0.72,-1.50,1.50,1.34,1.53,2.22,2.22,2.21
108.56,0.74,-1.49,0.74,-1.49,1.50,1.34,1.54,2.24,2.24,2.23
109.64,0.76,-1.49,0.76,-1.49,1.50,1.35,1.56,2.25,2.25,2.25
110.74,0.77,-1.49,0.78,-1.50,1.49,1.36,1.57,2.27,2.27,2.27
111.85,0.79,-1.49,0.79,-1.49,1.49,1.36,1.59,2.28,2.28,2.29
112.97,0.81,-1.49,0.81,-1.49,1.48,1.37,1.60,2.29,2.29,2.30
114.10,0.83,-1.47,0.82,-1.47,1.47,1.38,1.61,2.30,2.29,2.30
115.24,0.82,-1.46,0.83,-1.46,1.46,1.38,1.62,2.29,2.29,2.28
116.39,0.82,-1.45,0.82,-1.45,1.45,1.39,1.62,2.27,2.27,2.27
117.55,0.82,-1.44,0.82,-1.44,1.43,1.39,1.63,2.25,2.26,2.26
118.73,0.82,-1.42,0.82,-1.42,1.42,1.40,1.63,2.24,2.24,2.24
119.92,0.82,-1.40,0.81,-1.40,1.40,1.40,1.64,2.22,2.21,2.22
121.12,0.80,-1.38,0.80,-1.38,1.39,1.41,1.64,2.18,2.19,2.18
122.33,0.77,-1.37,0.78,-1.37,1.38,1.41,1.63,2.15,2.15,2.14
123.55,0.75,-1.36,0.75,-1.36,1.37,1.41,1.63,2.12,2.12,2.11
124.79,0.73,-1.36,0.73,-1.36,1.36,1.42,1.62,2.09,2.09,2.08
126.03,0.70,-1.35,0.70,-1.35,1.35,1.42,1.61,2.06,2.06,2.06
127.29,0.68,-1.35,0.68,-1.35,1.35,1.42,1.60,2.03,2.03,2.03
128.57,0.65,-1.35,0.65,-1.35,1.35,1.42,1.59,2.00,2.00,2.00
129.85,0.63,-1.35,0.63,-1.35,1.34,1.42,1.57,1.97,1.97,1.98
131.15,0.60,-1.34,0.60,-1.34,1.34,1.42,1.56,1.94,1.94,1.95
132.46,0.58,-1.34,0.58,-1.34,1.34,1.42,1.54,1.91,1.91,1.92
133.79,0.55,-1.33,0.55,-1.33,1.33,1.42,1.52,1.88,1.88,1.88
135.12,0.52,-1.33,0.52,-1.33,1.33,1.41,1.49,1.85,1.85,1.85
136.48,0.49,-1.32,0.49,-1.32,1.32,1.41,1.47,1.81,1.81,1.81
137.84,0.46,-1.32,0.46,-1.32,1.32,1.40,1.44,1.78,1.78,1.78
139.22,0.43,-1.31,0.43,-1.31,1.31,1.39,1.41,1.74,1.74,1.74
140.61,0.40,-1.31,0.40,-1.31,1.31,1.39,1.38,1.71,1.71,1.71
142.02,0.37,-1.31,0.37,-1.31,1.31,1.38,1.35,1.68,1.68,1.68
143.44,0.34,-1.31,0.34,-1.31,1.31,1.36,1.32,1.65,1.65,1.65
144.87,0.31,-1.30,0.31,-1.31,1.31,1.35,1.29,1.62,1.62,1.61
146.32,0.28,-1.31,0.28,-1.31,1.31,1.34,1.26,1.59,1.59,1.59
147.78,0.25,-1.32,0.25,-1.32,1.32,1.32,1.22,1.57,1.57,1.57
149.26,0.22,-1.32,0.22,-1.32,1.32,1.31,1.19,1.54,1.54,1.54
150.75,0.19,-1.32,0.19,-1.32,1.32,1.29,1.15,1.51,1.51,1.51
152.26,0.16,-1.32,0.16,-1.32,1.32,1.27,1.12,1.48,1.48,1.48
153.78,0.13,-1.32,0.13,-1.32,1.31,1.25,1.09,1.44,1.44,1.45
155.32,0.10,-1.31,0.10,-1.31,1.31,1.23,1.05,1.41,1.41,1.41
156.88,0.07,-1.29,0.07,-1.30,1.30,1.20,1.02,1.37,1.37,1.37
158.44,0.04,-1.28,0.04,-1.28,1.28,1.18,0.98,1.33,1.33,1.33
160.03,0.01,-1.27,0.01,-1.27,1.27,1.16,0.95,1.28,1.28,1.29
161.63,-0.01,-1.26,-0.01,-1.25,1.25,1.13,0.91,1.24,1.24,1.24
163.24,-0.04,-1.23,-0.04,-1.23,1.23,1.11,0.88,1.19,1.19,1.19
164.88,-0.07,-1.21,-0.07,-1.21,1.21,1.08,0.85,1.14,1.14,1.14
166.53,-0.10,-1.18,-0.10,-1.18,1.18,1.05,0.82,1.09,1.09,1.08
168.19,-0.13,-1.16,-0.13,-1.16,1.16,1.03,0.78,1.03,1.03,1.03
169.87,-0.16,-1.13,-0.16,-1.13,1.13,1.00,0.75,0.97,0.97,0.97
171.57,-0.18,-1.10,-0.18,-1.10,1.10,0.97,0.72,0.91,0.91,0.91
173.29,-0.21,-1.06,-0.21,-1.06,1.07,0.94,0.69,0.86,0.86,0.86
175.02,-0.23,-1.03,-0.23,-1.03,1.03,0.92,0.66,0.80,0.80,0.80
176.77,-0.26,-0.99,-0.26,-0.99,0.99,0.89,0.63,0.74,0.74,0.74
178.54,-0.28,-0.96,-0.28,-0.95,0.95,0.86,0.60,0.67,0.67,0.68
180.32,-0.30,-0.91,-0.30,-0.91,0.91,0.83,0.57,0.61,0.61,0.61
182.13,-0.32,-0.87,-0.32,-0.87,0.87,0.80,0.54,0.54,0.54,0.54
183.95,-0.34,-0.82,-0.34,-0.82,0.82,0.77,0.52,0.48,0.48,0.48
185.79,-0.36,-0.77,-0.36,-0.77,0.78,0.75,0.49,0.42,0.42,0.41
187.65,-0.38,-0.72,-0.38,-0.73,0.73,0.72,0.46,0.36,0.36,0.35
189.52,-0.40,-0.69,-0.40,-0.69,0.69,0.69,0.44,0.29,0.29,0.29
191.42,-0.41,-0.66,-0.41,-0.65,0.65,0.66,0.41,0.24,0.24,0.24
193.33,-0.41,-0.61,-0.41,-0.61,0.61,0.63,0.39,0.19,0.19,0.20
195.27,-0.41,-0.57,-0.41,-0.57,0.56,0.60,0.36,0.15,0.15,0.15
197.22,-0.41,-0.52,-0.41,-0.52,0.52,0.58,0.34,0.11,0.11,0.11
199.19,-0.42,-0.48,-0.42,-0.48,0.48,0.55,0.31,0.06,0.06,0.06
201.18,-0.42,-0.44,-0.42,-0.44,0.44,0.52,0.29,0.02,0.02,0.02
203.19,-0.42,-0.40,-0.42,-0.40,0.39,0.49,0.27,-0.03,-0.03,-0.03
205.23,-0.43,-0.36,-0.43,-0.36,0.35,0.46,0.24,-0.07,-0.07,-0.07
207.28,-0.43,-0.31,-0.43,-0.31,0.31,0.43,0.22,-0.12,-0.12,-0.12
209.35,-0.44,-0.27,-0.43,-0.27,0.28,0.41,0.20,-0.16,-0.16,-0.16
211.44,-0.44,-0.23,-0.44,-0.23,0.24,0.38,0.18,-0.20,-0.20,-0.21
213.56,-0.45,-0.20,-0.45,-0.20,0.21,0.35,0.16,-0.24,-0.24,-0.25
215.69,-0.46,-0.18,-0.46,-0.18,0.18,0.32,0.13,-0.28,-0.28,-0.28
217.85,-0.47,-0.15,-0.47,-0.15,0.15,0.30,0.11,-0.32,-0.32,-0.32
220.03,-0.48,-0.13,-0.48,-0.13,0.12,0.27,0.09,-0.36,-0.36,-0.35
222.23,-0.50,-0.11,-0.49,-0.10,0.09,0.24,0.07,-0.40,-0.40,-0.39
224.45,-0.50,-0.07,-0.50,-0.07,0.06,0.21,0.05,-0.44,-0.44,-0.43
226.70,-0.50,-0.03,-0.50,-0.04,0.03,0.18,0.03,-0.47,-0.47,-0.47
228.96,-0.50,0.00,-0.50,0.00,-0.00,0.16,0.01,-0.51,-0.51,-0.51
231.25,-0.50,0.04,-0.50,0.04,-0.04,0.13,-0.01,-0.54,-0.54,-0.55
233.57,-0.51,0.08,-0.51,0.08,-0.08,0.10,-0.03,-0.58,-0.58,-0.59
235.90,-0.51,0.11,-0.51,0.11,-0.11,0.07,-0.05,-0.62,-0.62,-0.62
238.26,-0.51,0.14,-0.51,0.14,-0.14,0.04,-0.06,-0.65,-0.65,-0.65
240.64,-0.51,0.17,-0.51,0.17,-0.17,0.01,-0.08,-0.68,-0.68,-0.68
243.05,-0.52,0.19,-0.52,0.20,-0.19,-0.01,-0.10,-0.71,-0.71,-0.71
245.48,-0.52,0.22,-0.52,0.22,-0.21,-0.04,-0.12,-0.73,-0.73,-0.74
247.93,-0.52,0.24,-0.53,0.23,-0.22,-0.07,-0.14,-0.75,-0.75,-0.76
250.41,-0.54,0.24,-0.54,0.24,-0.23,-0.10,-0.16,-0.77,-0.77,-0.77
252.92,-0.55,0.24,-0.55,0.24,-0.24,-0.13,-0.18,-0.79,-0.79,-0.79
255.45,-0.56,0.24,-0.56,0.24,-0.24,-0.16,-0.20,-0.81,-0.81,-0.80
258.00,-0.58,0.24,-0.58,0.24,-0.25,-0.19,-0.21,-0.83,-0.83,-0.82
260.58,-0.59,0.25,-0.59,0.25,-0.26,-0.22,-0.23,-0.85,-0.85,-0.84
263.19,-0.59,0.27,-0.59,0.27,-0.28,-0.25,-0.25,-0.87,-0.87,-0.86
265.82,-0.59,0.29,-0.59,0.29,-0.30,-0.28,-0.27,-0.89,-0.89,-0.89
268.48,-0.59,0.32,-0.59,0.32,-0.32,-0.31,-0.29,-0.91,-0.91,-0.92
271.16,-0.59,0.35,-0.59,0.35,-0.34,-0.34,-0.31,-0.94,-0.94,-0.94
273.87,-0.60,0.38,-0.60,0.38,-0.37,-0.37,-0.33,-0.97,-0.97,-0.97
276.61,-0.60,0.40,-0.60,0.40,-0.40,-0.40,-0.34,-1.00,-1.00,-1.00
279.38,-0.60,0.43,-0.60,0.43,-0.43,-0.43,-0.36,-1.03,-1.03,-1.03
282.17,-0.60,0.46,-0.60,0.46,-0.46,-0.47,-0.38,-1.05,-1.05,-1.05
284.99,-0.60,0.48,-0.60,0.48,-0.48,-0.50,-0.40,-1.08,-1.08,-1.08
287.84,-0.60,0.51,-0.60,0.51,-0.51,-0.53,-0.42,-1.10,-1.10,-1.10
290.72,-0.60,0.54,-0.60,0.53,-0.53,-0.56,-0.44,-1.13,-1.13,-1.13
293.63,-0.60,0.56,-0.60,0.56,-0.56,-0.60,-0.46,-1.15,-1.15,-1.16
296.57,-0.60,0.58,-0.60,0.58,-0.58,-0.63,-0.48,-1.18,-1.18,-1.18
299.53,-0.60,0.61,-0.60,0.61,-0.61,-0.66,-0.51,-1.21,-1.21,-1.20
302.53,-0.60,0.63,-0.60,0.64,-0.64,-0.69,-0.53,-1.24,-1.24,-1.23
305.55,-0.60,0.67,-0.60,0.67,-0.68,-0.73,-0.55,-1.28,-1.28,-1.27
308.61,-0.60,0.71,-0.60,0.71,-0.71,-0.76,-0.57,-1.32,-1.32,-1.31
311.69,-0.61,0.74,-0.61,0.74,-0.75,-0.80,-0.59,-1.36,-1.36,-1.35
314.81,-0.62,0.78,-0.61,0.78,-0.78,-0.83,-0.62,-1.40,-1.40,-1.40
317.96,-0.62,0.82,-0.62,0.82,-0.81,-0.87,-0.64,-1.43,-1.43,-1.44
321.14,-0.63,0.85,-0.63,0.85,-0.83,-0.90,-0.67,-1.46,-1.46,-1.48
324.35,-0.64,0.88,-0.64,0.87,-0.85,-0.94,-0.69,-1.49,-1.49,-1.52
327.59,-0.65,0.88,-0.65,0.88,-0.87,-0.97,-0.72,-1.52,-1.52,-1.53
330.87,-0.66,0.89,-0.66,0.89,-0.89,-1.01,-0.74,-1.55,-1.55,-1.55
334.18,-0.67,0.89,-0.67,0.89,-0.90,-1.04,-0.77,-1.58,-1.58,-1.57
337.52,-0.68,0.90,-0.69,0.90,-0.93,-1.08,-0.80,-1.61,-1.61,-1.58
340.90,-0.70,0.93,-0.70,0.93,-0.95,-1.11,-0.83,-1.65,-1.65,-1.63
344.30,-0.71,0.98,-0.71,0.97,-0.98,-1.15,-0.86,-1.69,-1.69,-1.69
347.75,-0.72,1.03,-0.72,1.02,-1.02,-1.18,-0.88,-1.74,-1.74,-1.75
351.23,-0.74,1.07,-0.74,1.07,-1.06,-1.22,-0.92,-1.80,-1.80,-1.81
354.74,-0.75,1.12,-0.75,1.12,-1.11,-1.25,-0.95,-1.86,-1.86,-1.87
358.28,-0.76,1.17,-0.76,1.17,-1.17,-1.29,-0.98,-1.93,-1.93,-1.93
361.87,-0.78,1.22,-0.78,1.22,-1.22,-1.32,-1.01,-2.00,-2.00,-2.00
365.49,-0.80,1.27,-0.80,1.27,-1.28,-1.36,-1.04,-2.07,-2.07,-2.07
369.14,-0.81,1.33,-0.81,1.33,-1.33,-1.39,-1.08,-2.14,-2.14,-2.14
372.83,-0.83,1.38,-0.83,1.39,-1.38,-1.42,-1.11,-2.21,-2.21,-2.21
376.56,-0.84,1.45,-0.84,1.44,-1.44,-1.46,-1.15,-2.28,-2.28,-2.29
380.33,-0.85,1.50,-0.85,1.49,-1.49,-1.49,-1.18,-2.34,-2.34,-2.35
384.13,-0.87,1.54,-0.87,1.54,-1.54,-1.52,-1.22,-2.41,-2.41,-2.41
387.97,-0.88,1.59,-0.88,1.59,-1.59,-1.56,-1.26,-2.47,-2.47,-2.47
391.85,-0.89,1.63,-0.89,1.64,-1.64,-1.59,-1.29,-2.53,-2.53,-2.53
395.77,-0.90,1.68,-0.90,1.68,-1.69,-1.62,-1.33,-2.59,-2.59,-2.59
399.73,-0.92,1.72,-0.92,1.72,-1.73,-1.65,-1.37,-2.65,-2.65,-2.64
403.72,-0.93,1.77,-0.93,1.77,-1.77,-1.68,-1.41,-2.70,-2.70,-2.70
407.76,-0.94,1.81,-0.94,1.81,-1.81,-1.71,-1.45,-2.75,-2.75,-2.75
411.84,-0.96,1.85,-0.96,1.85,-1.84,-1.74,-1.49,-2.80,-2.80,-2.81
415.96,-0.97,1.89,-0.98,1.88,-1.87,-1.76,-1.53,-2.84,-2.84,-2.86
420.12,-1.00,1.90,-1.00,1.90,-1.89,-1.79,-1.57,-2.89,-2.89,-2.90
424.32,-1.03,1.91,-1.03,1.91,-1.91,-1.82,-1.61,-2.94,-2.94,-2.94
428.56,-1.05,1.92,-1.05,1.92,-1.93,-1.84,-1.65,-2.98,-2.98,-2.97
432.85,-1.08,1.93,-1.08,1.93,-1.94,-1.87,-1.69,-3.02,-3.02,-3.01
437.18,-1.11,1.95,-1.11,1.95,-1.96,-1.89,-1.73,-3.06,-3.06,-3.06
441.55,-1.13,1.97,-1.13,1.97,-1.97,-1.91,-1.77,-3.10,-3.10,-3.10
445.96,-1.16,1.99,-1.16,1.99,-1.99,-1.94,-1.81,-3.15,-3.15,-3.15
450.42,-1.19,2.00,-1.19,2.01,-2.00,-1.96,-1.84,-3.19,-3.19,-3.19
454.93,-1.22,2.02,-1.22,2.02,-2.02,-1.98,-1.88,-3.24,-3.24,-3.24
459.48,-1.24,2.04,-1.24,2.04,-2.04,-2.00,-1.92,-3.28,-3.28,-3.28
464.07,-1.27,2.06,-1.27,2.06,-2.06,-2.02,-1.95,-3.33,-3.33,-3.33
468.71,-1.29,2.08,-1.29,2.08,-2.08,-2.04,-1.99,-3.37,-3.37,-3.37
473.40,-1.32,2.09,-1.32,2.09,-2.10,-2.06,-2.02,-3.42,-3.42,-3.41
478.13,-1.35,2.11,-1.34,2.12,-2.12,-2.08,-2.05,-3.47,-3.47,-3.46
482.91,-1.37,2.14,-1.37,2.14,-2.15,-2.10,-2.08,-3.52,-3.52,-3.51
487.74,-1.41,2.18,-1.41,2.17,-2.18,-2.12,-2.11,-3.58,-3.59,-3.58
492.62,-1.45,2.20,-1.45,2.20,-2.20,-2.14,-2.13,-3.65,-3.65,-3.65
497.55,-1.49,2.22,-1.49,2.23,-2.23,-2.16,-2.16,-3.72,-3.72,-3.71
502.52,-1.53,2.26,-1.53,2.26,-2.25,-2.17,-2.18,-3.78,-3.78,-3.78
507.55,-1.57,2.29,-1.57,2.28,-2.26,-2.19,-2.20,-3.83,-3.83,-3.86
512.62,-1.61,2.29,-1.61,2.29,-2.28,-2.21,-2.22,-3.89,-3.89,-3.90
517.75,-1.65,2.28,-1.65,2.29,-2.28,-2.23,-2.24,-3.93,-3.93,-3.93
522.93,-1.69,2.28,-1.69,2.27,-2.29,-2.24,-2.26,-3.98,-3.98,-3.97
528.16,-1.74,2.26,-1.74,2.27,-2.28,-2.26,-2.27,-4.02,-4.02,-4.00
533.44,-1.79,2.26,-1.79,2.26,-2.27,-2.28,-2.29,-4.06,-4.06,-4.05
538.77,-1.84,2.26,-1.83,2.26,-2.26,-2.29,-2.30,-4.10,-4.10,-4.10
544.16,-1.88,2.26,-1.88,2.26,-2.24,-2.31,-2.32,-4.13,-4.12,-4.14
549.60,-1.93,2.26,-1.93,2.25,-2.22,-2.32,-2.33,-4.15,-4.15,-4.19
555.10,-1.98,2.22,-1.98,2.22,-2.20,-2.34,-2.34,-4.18,-4.18,-4.20
560.65,-2.04,2.18,-2.04,2.18,-2.18,-2.36,-2.35,-4.21,-4.21,-4.22
566.25,-2.09,2.14,-2.09,2.15,-2.16,-2.37,-2.36,-4.25,-4.25,-4.23
571.92,-2.15,2.13,-2.15,2.13,-2.14,-2.39,-2.38,-4.29,-4.29,-4.28
577.64,-2.20,2.12,-2.20,2.12,-2.14,-2.40,-2.39,-4.34,-4.34,-4.33
583.41,-2.25,2.13,-2.24,2.13,-2.15,-2.42,-2.40,-4.39,-4.39,-4.37
589.25,-2.28,2.15,-2.28,2.16,-2.17,-2.43,-2.41,-4.45,-4.45,-4.43
595.14,-2.31,2.20,-2.31,2.20,-2.21,-2.44,-2.43,-4.51,-4.51,-4.51
601.09,-2.34,2.26,-2.34,2.26,-2.26,-2.46,-2.44,-4.59,-4.59,-4.59
607.10,-2.37,2.32,-2.37,2.32,-2.32,-2.47,-2.46,-4.68,-4.68,-4.68
613.17,-2.40,2.38,-2.40,2.38,-2.38,-2.49,-2.47,-4.77,-4.77,-4.78
619.30,-2.43,2.44,-2.43,2.44,-2.44,-2.50,-2.49,-4.87,-4.87,-4.87
625.50,-2.46,2.51,-2.46,2.51,-2.50,-2.52,-2.51,-4.96,-4.96,-4.97
631.75,-2.49,2.57,-2.49,2.57,-2.56,-2.53,-2.53,-5.05,-5.05,-5.06
638.07,-2.52,2.64,-2.52,2.63,-2.62,-2.54,-2.55,-5.14,-5.14,-5.16
644.45,-2.55,2.67,-2.55,2.67,-2.66,-2.56,-2.58,-5.21,-5.21,-5.22
650.89,-2.58,2.70,-2.58,2.70,-2.70,-2.57,-2.61,-5.28,-5.28,-5.28
657.40,-2.61,2.73,-2.61,2.73,-2.73,-2.59,-2.63,-5.34,-5.34,-5.34
663.98,-2.64,2.76,-2.64,2.76,-2.76,-2.60,-2.67,-5.40,-5.40,-5.40
670.62,-2.67,2.78,-2.67,2.78,-2.77,-2.62,-2.70,-5.45,-5.45,-5.46
677.32,-2.70,2.78,-2.70,2.79,-2.79,-2.63,-2.73,-5.49,-5.49,-5.49
684.10,-2.72,2.79,-2.72,2.79,-2.80,-2.65,-2.77,-5.52,-5.52,-5.52
690.94,-2.74,2.80,-2.74,2.80,-2.80,-2.66,-2.81,-5.55,-5.55,-5.55
697.85,-2.76,2.81,-2.77,2.81,-2.81,-2.68,-2.85,-5.57,-5.57,-5.57
704.83,-2.78,2.82,-2.79,2.81,-2.81,-2.70,-2.90,-5.60,-5.60,-5.60
711.87,-2.80,2.81,-2.80,2.81,-2.82,-2.72,-2.94,-5.62,-5.62,-5.61
718.99,-2.80,2.81,-2.80,2.82,-2.83,-2.74,-2.99,-5.63,-5.63,-5.61
726.18,-2.78,2.83,-2.79,2.83,-2.84,-2.76,-3.04,-5.62,-5.62,-5.62
733.44,-2.77,2.85,-2.77,2.85,-2.84,-2.79,-3.10,-5.61,-5.61,-5.62
740.78,-2.75,2.87,-2.75,2.86,-2.85,-2.81,-3.15,-5.60,-5.61,-5.62
748.19,-2.73,2.87,-2.73,2.87,-2.86,-2.84,-3.21,-5.60,-5.59,-5.60
755.67,-2.71,2.87,-2.70,2.88,-2.87,-2.87,-3.27,-5.58,-5.58,-5.58
763.23,-2.66,2.89,-2.67,2.89,-2.89,-2.90,-3.33,-5.55,-5.55,-5.55
770.86,-2.62,2.90,-2.63,2.90,-2.90,-2.93,-3.40,-5.53,-5.53,-5.53
778.57,-2.58,2.92,-2.59,2.92,-2.92,-2.96,-3.46,-5.51,-5.51,-5.50
786.35,-2.54,2.94,-2.54,2.93,-2.95,-2.99,-3.53,-5.49,-5.49,-5.48
794.22,-2.49,2.95,-2.48,2.96,-2.97,-3.03,-3.60,-5.46,-5.46,-5.44
802.16,-2.41,3.00,-2.42,3.00,-3.00,-3.07,-3.67,-5.42,-5.42,-5.41
810.18,-2.34,3.04,-2.34,3.04,-3.03,-3.11,-3.74,-5.37,-5.37,-5.38
818.28,-2.26,3.09,-2.26,3.08,-3.07,-3.15,-3.81,-5.33,-5.33,-5.34
826.46,-2.18,3.12,-2.18,3.11,-3.10,-3.19,-3.88,-5.28,-5.28,-5.30
834.73,-2.10,3.13,-2.09,3.14,-3.14,-3.23,-3.95,-5.24,-5.23,-5.23
843.08,-2.00,3.17,-2.00,3.17,-3.17,-3.27,-4.02,-5.17,-5.17,-5.17
851.51,-1.90,3.21,-1.90,3.21,-3.21,-3.31,-4.09,-5.11,-5.11,-5.11
860.02,-1.79,3.25,-1.79,3.25,-3.25,-3.35,-4.16,-5.04,-5.04,-5.04
868.62,-1.69,3.29,-1.69,3.29,-3.29,-3.40,-4.23,-4.98,-4.98,-4.98
877.31,-1.58,3.33,-1.58,3.33,-3.34,-3.44,-4.29,-4.92,-4.91,-4.91
886.08,-1.46,3.38,-1.46,3.38,-3.39,-3.48,-4.35,-4.85,-4.85,-4.84
894.94,-1.34,3.44,-1.34,3.44,-3.44,-3.52,-4.41,-4.78,-4.78,-4.77
903.89,-1.21,3.50,-1.21,3.50,-3.50,-3.56,-4.46,-4.71,-4.71,-4.71
912.93,-1.09,3.56,-1.09,3.56,-3.56,-3.60,-4.51,-4.65,-4.65,-4.64
922.06,-0.96,3.63,-0.96,3.62,-3.62,-3.64,-4.56,-4.58,-4.58,-4.58
931.28,-0.83,3.69,-0.83,3.69,-3.68,-3.68,-4.59,-4.51,-4.51,-4.52
940.59,-0.70,3.75,-0.70,3.75,-3.74,-3.71,-4.63,-4.44,-4.44,-4.45
950.00,-0.57,3.80,-0.58,3.80,-3.80,-3.74,-4.65,-4.37,-4.37,-4.38
959.50,-0.46,3.85,-0.46,3.85,-3.85,-3.78,-4.67,-4.31,-4.31,-4.30
969.09,-0.34,3.89,-0.34,3.90,-3.90,-3.80,-4.68,-4.24,-4.24,-4.23
978.78,-0.23,3.94,-0.22,3.94,-3.94,-3.83,-4.68,-4.16,-4.16,-4.16
988.57,-0.11,3.98,-0.11,3.98,-3.97,-3.86,-4.68,-4.08,-4.09,-4.09
998.46,-0.01,4.01,-0.02,4.01,-4.00,-3.88,-4.66,-4.02,-4.02,-4.02
1008.44,0.07,4.03,0.07,4.03,-4.03,-3.90,-4.64,-3.96,-3.95,-3.96
1018.53,0.16,4.05,0.16,4.05,-4.05,-3.92,-4.61,-3.89,-3.89,-3.89
1028.71,0.24,4.06,0.24,4.06,-4.06,-3.94,-4.57,-3.82,-3.82,-3.82
1039.00,0.33,4.08,0.33,4.07,-4.08,-3.95,-4.52,-3.75,-3.75,-3.75
1049.39,0.41,4.08,0.41,4.08,-4.08,-3.96,-4.47,-3.67,-3.67,-3.67
1059.88,0.49,4.08,0.49,4.08,-4.09,-3.97,-4.40,-3.60,-3.60,-3.59
1070.48,0.56,4.08,0.56,4.08,-4.08,-3.98,-4.33,-3.52,-3.52,-3.52
1081.19,0.64,4.08,0.64,4.08,-4.08,-3.98,-4.26,-3.44,-3.44,-3.44
1092.00,0.72,4.08,0.72,4.08,-4.07,-3.98,-4.17,-3.35,-3.35,-3.36
1102.92,0.79,4.07,0.79,4.06,-4.06,-3.98,-4.08,-3.27,-3.27,-3.27
1113.95,0.86,4.04,0.86,4.04,-4.04,-3.98,-3.99,-3.18,-3.18,-3.18
1125.09,0.92,4.01,0.92,4.02,-4.02,-3.97,-3.89,-3.09,-3.09,-3.09
1136.34,0.99,3.99,0.99,3.99,-3.99,-3.96,-3.79,-3.00,-3.00,-3.00
1147.70,1.05,3.96,1.05,3.96,-3.96,-3.94,-3.68,-2.91,-2.91,-2.91
1159.18,1.12,3.93,1.12,3.93,-3.92,-3.93,-3.57,-2.81,-2.81,-2.81
1170.77,1.18,3.89,1.18,3.89,-3.89,-3.91,-3.46,-2.71,-2.71,-2.71
1182.48,1.23,3.84,1.23,3.84,-3.84,-3.88,-3.34,-2.61,-2.61,-2.61
1194.30,1.29,3.80,1.29,3.80,-3.80,-3.86,-3.23,-2.51,-2.51,-2.51
1206.25,1.35,3.76,1.35,3.76,-3.76,-3.83,-3.11,-2.41,-2.41,-2.41
1218.31,1.40,3.71,1.41,3.71,-3.71,-3.80,-2.99,-2.31,-2.31,-2.31
1230.49,1.47,3.67,1.47,3.67,-3.67,-3.76,-2.87,-2.20,-2.20,-2.19
1242.80,1.54,3.62,1.54,3.62,-3.62,-3.72,-2.75,-2.08,-2.08,-2.08
1255.22,1.61,3.57,1.61,3.57,-3.57,-3.68,-2.63,-1.97,-1.97,-1.97
1267.78,1.68,3.53,1.68,3.53,-3.53,-3.63,-2.51,-1.85,-1.85,-1.85
1280.45,1.74,3.48,1.75,3.48,-3.48,-3.58,-2.39,-1.74,-1.73,-1.74
1293.26,1.82,3.43,1.82,3.43,-3.43,-3.53,-2.27,-1.61,-1.61,-1.61
1306.19,1.90,3.38,1.90,3.38,-3.38,-3.48,-2.16,-1.49,-1.49,-1.49
1319.25,1.97,3.33,1.97,3.33,-3.33,-3.42,-2.04,-1.36,-1.36,-1.36
1332.45,2.05,3.28,2.05,3.28,-3.28,-3.35,-1.92,-1.23,-1.23,-1.23
1345.77,2.13,3.23,2.13,3.23,-3.22,-3.29,-1.81,-1.10,-1.10,-1.10
1359.23,2.21,3.17,2.21,3.17,-3.17,-3.22,-1.69,-0.96,-0.96,-0.96
1372.82,2.30,3.10,2.29,3.10,-3.10,-3.14,-1.58,-0.81,-0.81,-0.81
1386.55,2.38,3.03,2.38,3.04,-3.04,-3.06,-1.46,-0.66,-0.66,-0.65
1400.41,2.47,2.97,2.47,2.97,-2.97,-2.98,-1.35,-0.50,-0.50,-0.50
1414.42,2.56,2.90,2.56,2.90,-2.90,-2.90,-1.24,-0.34,-0.34,-0.34
1428.56,2.64,2.82,2.64,2.82,-2.82,-2.81,-1.13,-0.18,-0.18,-0.18
1442.85,2.72,2.74,2.72,2.74,-2.74,-2.71,-1.02,-0.01,-0.01,-0.01
1457.28,2.81,2.65,2.81,2.65,-2.65,-2.62,-0.91,0.15,0.15,0.16
1471.85,2.89,2.56,2.89,2.57,-2.57,-2.52,-0.80,0.32,0.32,0.33
1486.57,2.97,2.48,2.97,2.48,-2.48,-2.41,-0.70,0.50,0.50,0.50
1501.43,3.05,2.39,3.05,2.38,-2.38,-2.30,-0.59,0.67,0.67,0.67
1516.45,3.13,2.28,3.13,2.28,-2.28,-2.19,-0.49,0.85,0.85,0.85
1531.61,3.20,2.17,3.21,2.17,-2.18,-2.07,-0.38,1.03,1.03,1.04
1546.93,3.28,2.06,3.28,2.06,-2.06,-1.95,-0.28,1.22,1.22,1.22
1562.40,3.35,1.95,3.36,1.95,-1.93,-1.83,-0.18,1.42,1.42,1.41
1578.02,3.43,1.83,3.43,1.82,-1.80,-1.70,-0.08,1.63,1.63,1.60
1593.80,3.49,1.67,3.49,1.67,-1.66,-1.57,0.02,1.84,1.84,1.83
1609.74,3.56,1.50,3.56,1.51,-1.50,-1.44,0.12,2.05,2.05,2.05
1625.84,3.62,1.34,3.62,1.34,-1.35,-1.30,0.22,2.27,2.27,2.28
1642.10,3.68,1.18,3.68,1.17,-1.19,-1.15,0.32,2.50,2.50,2.51
1658.52,3.75,1.01,3.75,1.01,-1.02,-1.01,0.41,2.73,2.73,2.74
1675.10,3.81,0.84,3.81,0.84,-0.85,-0.86,0.51,2.95,2.95,2.97
1691.85,3.87,0.68,3.87,0.68,-0.69,-0.70,0.60,3.18,3.18,3.18
1708.77,3.93,0.53,3.93,0.52,-0.52,-0.55,0.69,3.40,3.40,3.40
1725.86,3.99,0.36,3.99,0.36,-0.36,-0.39,0.78,3.63,3.63,3.62
1743.12,4.05,0.20,4.05,0.20,-0.20,-0.22,0.87,3.85,3.85,3.85
1760.55,4.11,0.03,4.11,0.03,-0.03,-0.06,0.96,4.08,4.08,4.08
1778.15,4.18,-0.14,4.18,-0.14,0.14,0.11,1.04,4.31,4.31,4.31
1795.94,4.24,-0.31,4.24,-0.30,0.31,0.28,1.12,4.55,4.55,4.55
1813.90,4.31,-0.47,4.31,-0.47,0.48,0.46,1.20,4.79,4.79,4.79
1832.03,4.38,-0.64,4.38,-0.65,0.65,0.63,1.28,5.02,5.02,5.02
1850.36,4.45,-0.82,4.45,-0.82,0.82,0.81,1.36,5.26,5.26,5.27
1868.86,4.52,-0.99,4.52,-0.99,0.99,0.98,1.43,5.50,5.50,5.50
1887.55,4.59,-1.16,4.59,-1.16,1.16,1.16,1.50,5.74,5.74,5.74
1906.42,4.66,-1.32,4.66,-1.32,1.33,1.33,1.57,5.98,5.98,5.98
1925.49,4.73,-1.49,4.73,-1.49,1.49,1.51,1.64,6.22,6.22,6.22
1944.74,4.80,-1.65,4.80,-1.65,1.66,1.68,1.70,6.45,6.46,6.45
1964.19,4.87,-1.82,4.87,-1.82,1.82,1.84,1.76,6.69,6.69,6.69
1983.83,4.95,-1.98,4.95,-1.98,1.98,2.01,1.82,6.93,6.93,6.93
2003.67,5.02,-2.14,5.02,-2.14,2.13,2.16,1.87,7.16,7.16,7.16
2023.71,5.10,-2.29,5.10,-2.29,2.28,2.31,1.93,7.38,7.38,7.39
2043.94,5.17,-2.43,5.18,-2.43,2.43,2.46,1.98,7.60,7.60,7.61
2064.38,5.26,-2.56,5.26,-2.57,2.57,2.60,2.02,7.83,7.83,7.82
2085.03,5.34,-2.69,5.34,-2.70,2.70,2.73,2.07,8.04,8.04,8.04
2105.88,5.43,-2.83,5.43,-2.83,2.83,2.85,2.11,8.26,8.26,8.26
2126.94,5.51,-2.95,5.51,-2.95,2.95,2.97,2.15,8.46,8.46,8.47
2148.20,5.60,-3.07,5.60,-3.07,3.07,3.08,2.18,8.67,8.67,8.67
2169.69,5.69,-3.18,5.69,-3.18,3.18,3.18,2.22,8.87,8.87,8.87
2191.38,5.79,-3.28,5.79,-3.29,3.28,3.28,2.25,9.07,9.07,9.07
2213.30,5.89,-3.39,5.89,-3.39,3.38,3.37,2.29,9.27,9.27,9.27
2235.43,5.98,-3.49,5.98,-3.48,3.48,3.46,2.32,9.46,9.47,9.47
2257.78,6.08,-3.57,6.08,-3.57,3.58,3.54,2.35,9.66,9.65,9.65
2280.36,6.17,-3.65,6.16,-3.65,3.66,3.62,2.38,9.83,9.83,9.82
2303.17,6.24,-3.74,6.24,-3.74,3.75,3.69,2.41,9.99,9.99,9.98
2326.20,6.32,-3.83,6.32,-3.83,3.82,3.77,2.44,10.14,10.14,10.15
2349.46,6.40,-3.91,6.40,-3.91,3.89,3.84,2.47,10.29,10.29,10.31
2372.95,6.49,-3.98,6.49,-3.98,3.96,3.91,2.50,10.44,10.45,10.46
2396.68,6.59,-4.03,6.59,-4.03,4.02,3.97,2.54,10.60,10.60,10.62
2420.65,6.69,-4.07,6.69,-4.07,4.07,4.04,2.57,10.76,10.76,10.76
2444.86,6.79,-4.11,6.78,-4.11,4.12,4.10,2.60,10.91,10.90,10.89
2469.31,6.87,-4.15,6.87,-4.16,4.17,4.16,2.64,11.04,11.04,11.02
2494.00,6.95,-4.21,6.95,-4.21,4.22,4.22,2.67,11.17,11.17,11.15
2518.94,7.02,-4.26,7.02,-4.26,4.27,4.27,2.71,11.29,11.29,11.28
2544.13,7.10,-4.32,7.10,-4.31,4.32,4.33,2.75,11.41,11.42,11.41
2569.57,7.17,-4.36,7.17,-4.36,4.36,4.38,2.80,11.54,11.54,11.53
2595.27,7.24,-4.41,7.24,-4.41,4.41,4.43,2.84,11.65,11.65,11.65
2621.22,7.30,-4.46,7.30,-4.46,4.45,4.47,2.89,11.75,11.75,11.76
2647.43,7.35,-4.50,7.36,-4.50,4.49,4.52,2.94,11.84,11.84,11.86
2673.90,7.41,-4.53,7.41,-4.53,4.52,4.55,2.99,11.93,11.93,11.94
2700.64,7.47,-4.54,7.47,-4.54,4.54,4.59,3.04,12.01,12.01,12.01
2727.65,7.52,-4.55,7.52,-4.56,4.56,4.62,3.10,12.08,12.08,12.07
2754.93,7.56,-4.58,7.56,-4.58,4.58,4.65,3.16,12.14,12.14,12.14
2782.48,7.60,-4.60,7.60,-4.60,4.60,4.68,3.22,12.20,12.20,12.20
2810.30,7.64,-4.62,7.64,-4.62,4.63,4.70,3.29,12.26,12.26,12.25
2838.40,7.67,-4.64,7.68,-4.64,4.65,4.71,3.36,12.33,12.33,12.31
2866.79,7.71,-4.66,7.70,-4.67,4.68,4.73,3.43,12.39,12.38,12.37
2895.46,7.72,-4.71,7.72,-4.71,4.71,4.74,3.50,12.43,12.43,12.43
2924.41,7.73,-4.75,7.73,-4.75,4.74,4.75,3.58,12.47,12.47,12.48
2953.65,7.74,-4.79,7.74,-4.78,4.76,4.75,3.66,12.50,12.50,12.52
2983.19,7.75,-4.80,7.75,-4.80,4.79,4.75,3.74,12.53,12.54,12.55
3013.02,7.75,-4.80,7.75,-4.81,4.81,4.75,3.83,12.56,12.56,12.56
3043.15,7.73,-4.83,7.73,-4.82,4.83,4.75,3.92,12.56,12.56,12.56
3073.58,7.71,-4.83,7.71,-4.83,4.84,4.75,4.01,12.55,12.55,12.54
3104.32,7.69,-4.84,7.69,-4.84,4.84,4.75,4.10,12.53,12.53,12.52
3135.36,7.66,-4.84,7.66,-4.85,4.85,4.74,4.20,12.51,12.51,12.51
3166.72,7.64,-4.85,7.63,-4.85,4.84,4.74,4.30,12.48,12.48,12.49
3198.38,7.60,-4.85,7.60,-4.84,4.84,4.74,4.40,12.44,12.44,12.45
3230.37,7.56,-4.83,7.56,-4.83,4.83,4.74,4.50,12.39,12.39,12.39
3262.67,7.51,-4.82,7.51,-4.82,4.82,4.74,4.61,12.33,12.33,12.33
3295.30,7.47,-4.80,7.47,-4.80,4.80,4.74,4.71,12.27,12.27,12.27
3328.25,7.42,-4.79,7.42,-4.79,4.78,4.75,4.82,12.21,12.21,12.21
3361.53,7.37,-4.77,7.37,-4.77,4.76,4.75,4.92,12.13,12.13,12.14
3395.15,7.31,-4.75,7.31,-4.75,4.74,4.76,5.03,12.05,12.05,12.05
3429.10,7.24,-4.73,7.24,-4.73,4.72,4.77,5.13,11.97,11.97,11.97
3463.39,7.18,-4.71,7.18,-4.70,4.71,4.78,5.24,11.88,11.89,11.88
3498.03,7.11,-4.69,7.11,-4.69,4.69,4.79,5.34,11.81,11.81,11.80
3533.01,7.04,-4.67,7.04,-4.68,4.69,4.80,5.43,11.73,11.72,11.71
3568.34,6.94,-4.68,6.95,-4.68,4.69,4.81,5.53,11.63,11.63,11.63
3604.02,6.85,-4.70,6.85,-4.69,4.69,4.82,5.62,11.54,11.54,11.54
3640.06,6.75,-4.71,6.75,-4.71,4.71,4.82,5.70,11.46,11.46,11.46
3676.46,6.65,-4.72,6.65,-4.72,4.73,4.83,5.78,11.38,11.38,11.37
3713.22,6.54,-4.75,6.54,-4.75,4.76,4.84,5.84,11.29,11.29,11.29
3750.36,6.42,-4.78,6.42,-4.79,4.79,4.85,5.91,11.21,11.21,11.20
3787.86,6.30,-4.83,6.30,-4.83,4.82,4.85,5.96,11.12,11.12,11.13
3825.74,6.18,-4.87,6.18,-4.86,4.86,4.86,6.00,11.04,11.04,11.05
3864.00,6.06,-4.89,6.06,-4.90,4.89,4.86,6.03,10.95,10.95,10.96
3902.64,5.95,-4.92,5.95,-4.92,4.92,4.86,6.04,10.86,10.86,10.87
3941.66,5.83,-4.95,5.83,-4.95,4.94,4.87,6.05,10.77,10.77,10.78
3981.08,5.71,-4.97,5.72,-4.96,4.96,4.87,6.04,10.67,10.68,10.68
4020.89,5.61,-4.97,5.61,-4.97,4.98,4.87,6.02,10.58,10.58,10.58
4061.10,5.51,-4.98,5.50,-4.98,4.99,4.87,5.99,10.49,10.49,10.48
4101.71,5.40,-4.99,5.40,-4.99,5.00,4.87,5.95,10.40,10.40,10.39
4142.73,5.30,-5.01,5.30,-5.00,5.00,4.87,5.89,10.30,10.30,10.30
4184.15,5.19,-5.01,5.19,-5.01,5.01,4.88,5.82,10.20,10.20,10.20
4226.00,5.09,-5.01,5.09,-5.01,5.01,4.88,5.74,10.10,10.10,10.09
4268.26,4.98,-5.01,4.98,-5.01,5.02,4.88,5.65,9.99,9.99,9.99
4310.94,4.87,-5.01,4.87,-5.01,5.01,4.89,5.55,9.88,9.88,9.88
4354.05,4.76,-5.01,4.76,-5.01,5.00,4.89,5.44,9.76,9.76,9.77
4397.59,4.65,-5.00,4.65,-5.00,4.98,4.90,5.32,9.63,9.63,9.65
4441.56,4.55,-4.97,4.55,-4.97,4.96,4.91,5.19,9.51,9.51,9.52
4485.98,4.45,-4.94,4.45,-4.94,4.94,4.91,5.06,9.39,9.39,9.40
4530.84,4.36,-4.91,4.36,-4.90,4.91,4.92,4.92,9.27,9.27,9.27
4576.15,4.26,-4.87,4.26,-4.87,4.89,4.93,4.78,9.16,9.16,9.13
4621.91,4.16,-4.85,4.16,-4.85,4.88,4.93,4.63,9.04,9.04,9.01
4668.13,4.07,-4.85,4.07,-4.85,4.87,4.93,4.48,8.94,8.94,8.92
4714.81,3.97,-4.85,3.97,-4.85,4.85,4.93,4.33,8.83,8.83,8.82
4761.96,3.88,-4.85,3.88,-4.85,4.84,4.92,4.17,8.72,8.72,8.73
4809.58,3.79,-4.85,3.79,-4.85,4.83,4.90,4.01,8.62,8.62,8.64
4857.67,3.69,-4.84,3.69,-4.83,4.82,4.88,3.86,8.51,8.51,8.54
4906.25,3.60,-4.79,3.60,-4.79,4.79,4.84,3.70,8.39,8.40,8.39
4955.31,3.52,-4.74,3.52,-4.74,4.76,4.79,3.54,8.27,8.27,8.25
5004.87,3.43,-4.68,3.43,-4.69,4.71,4.72,3.38,8.14,8.13,8.11
5054.91,3.34,-4.63,3.34,-4.63,4.64,4.63,3.22,7.98,7.98,7.97
5105.46,3.26,-4.57,3.26,-4.55,4.54,4.53,3.07,7.80,7.80,7.83
5156.52,3.18,-4.45,3.19,-4.44,4.43,4.40,2.91,7.61,7.62,7.63
5208.08,3.14,-4.29,3.14,-4.30,4.29,4.25,2.76,7.43,7.43,7.43
5260.16,3.10,-4.13,3.10,-4.13,4.11,4.08,2.61,7.22,7.22,7.23
5312.77,3.07,-3.95,3.07,-3.93,3.91,3.88,2.45,6.98,6.98,7.02
5365.89,3.03,-3.69,3.03,-3.70,3.68,3.66,2.30,6.71,6.71,6.72
5419.55,2.99,-3.42,3.00,-3.42,3.42,3.41,2.15,6.41,6.41,6.41
5473.75,2.97,-3.13,2.97,-3.12,3.13,3.15,2.01,6.10,6.10,6.10
5528.49,2.95,-2.80,2.95,-2.80,2.82,2.86,1.86,5.77,5.77,5.75
5583.77,2.93,-2.47,2.93,-2.48,2.49,2.55,1.72,5.42,5.42,5.40
5639.61,2.91,-2.15,2.91,-2.14,2.14,2.22,1.57,5.05,5.05,5.06
5696.00,2.89,-1.79,2.90,-1.78,1.77,1.87,1.43,4.66,4.67,4.68
5752.96,2.90,-1.40,2.91,-1.40,1.39,1.51,1.29,4.29,4.29,4.30
5810.49,2.92,-1.00,2.92,-1.01,0.99,1.12,1.15,3.91,3.91,3.92
5868.60,2.93,-0.60,2.94,-0.61,0.59,0.73,1.01,3.53,3.53,3.54
5927.28,2.95,-0.20,2.96,-0.20,0.18,0.32,0.87,3.13,3.14,3.15
5986.56,2.97,0.23,2.98,0.22,-0.23,-0.09,0.74,2.74,2.75,2.74
6046.42,2.98,0.67,2.99,0.63,-0.63,-0.50,0.60,2.35,2.36,2.31
6106.89,2.99,1.08,3.01,1.02,-1.03,-0.91,0.47,1.97,1.98,1.91
6167.96,3.00,1.45,3.03,1.39,-1.39,-1.31,0.33,1.61,1.63,1.55
6229.64,3.02,1.83,3.04,1.74,-1.73,-1.67,0.20,1.29,1.31,1.19
6291.93,3.03,2.20,3.05,2.05,-2.03,-2.00,0.06,1.00,1.02,0.83
6354.85,3.02,2.55,3.03,2.31,-2.28,-2.28,-0.07,0.74,0.75,0.47
6418.40,2.96,2.79,3.00,2.51,-2.48,-2.49,-0.20,0.48,0.52,0.17
6482.58,2.90,3.01,2.95,2.64,-2.63,-2.64,-0.33,0.27,0.32,-0.11
6547.41,2.84,3.22,2.90,2.73,-2.72,-2.72,-0.46,0.12,0.18,-0.38
6612.88,2.78,3.44,2.85,2.78,-2.76,-2.74,-0.59,0.02,0.08,-0.66
6679.01,2.72,3.60,2.77,2.77,-2.74,-2.70,-0.72,-0.03,0.03,-0.89
6745.80,2.58,3.70,2.68,2.71,-2.67,-2.63,-0.85,-0.09,0.01,-1.11
6813.26,2.45,3.79,2.58,2.60,-2.57,-2.52,-0.97,-0.12,0.01,-1.34
6881.39,2.31,3.88,2.46,2.45,-2.44,-2.41,-1.10,-0.12,0.02,-1.57
6950.21,2.16,3.87,2.33,2.28,-2.29,-2.28,-1.22,-0.13,0.05,-1.71
7019.71,1.95,3.79,2.19,2.10,-2.14,-2.16,-1.34,-0.18,0.06,-1.84
7089.91,1.74,3.71,2.05,1.94,-1.99,-2.04,-1.46,-0.24,0.06,-1.96
7160.81,1.55,3.64,1.89,1.81,-1.86,-1.94,-1.58,-0.31,0.03,-2.09
7232.41,1.35,3.62,1.73,1.72,-1.75,-1.85,-1.69,-0.39,-0.02,-2.26
7304.74,1.16,3.55,1.57,1.65,-1.66,-1.77,-1.80,-0.50,-0.10,-2.39
7377.79,0.97,3.46,1.39,1.60,-1.60,-1.70,-1.91,-0.63,-0.21,-2.49
7451.56,0.79,3.37,1.21,1.58,-1.57,-1.65,-2.01,-0.78,-0.35,-2.58
7526.08,0.60,3.24,1.03,1.56,-1.55,-1.61,-2.10,-0.95,-0.52,-2.64
7601.34,0.41,2.93,0.84,1.55,-1.55,-1.58,-2.20,-1.14,-0.71,-2.51
7677.35,0.23,2.33,0.65,1.55,-1.56,-1.56,-2.28,-1.33,-0.90,-2.10
7754.13,0.04,2.01,0.46,1.57,-1.57,-1.55,-2.36,-1.53,-1.11,-1.97
7831.67,-0.07,1.77,0.27,1.59,-1.59,-1.55,-2.43,-1.66,-1.32,-1.85
7909.98,-0.12,1.52,0.07,1.62,-1.61,-1.55,-2.50,-1.72,-1.54,-1.63
7989.08,-0.16,1.16,-0.13,1.64,-1.63,-1.56,-2.56,-1.79,-1.76,-1.31
8068.98,-0.20,0.78,-0.34,1.66,-1.66,-1.58,-2.61,-1.85,-1.99,-0.98
8149.67,-0.24,0.42,-0.55,1.68,-1.68,-1.61,-2.65,-1.92,-2.23,-0.66
8231.16,-0.09,0.31,-0.76,1.71,-1.70,-1.63,-2.69,-1.79,-2.46,-0.40
8313.47,0.09,0.19,-0.97,1.73,-1.72,-1.67,-2.72,-1.64,-2.69,-0.10
8396.61,0.27,-0.00,-1.18,1.75,-1.75,-1.70,-2.74,-1.48,-2.93,0.27
8480.57,0.55,-0.08,-1.39,1.77,-1.77,-1.74,-2.76,-1.22,-3.16,0.63
8565.38,0.97,0.21,-1.59,1.79,-1.80,-1.78,-2.77,-0.83,-3.39,0.77
8651.03,1.36,0.46,-1.80,1.82,-1.83,-1.83,-2.78,-0.47,-3.62,0.90
8737.54,1.72,0.69,-2.00,1.86,-1.86,-1.88,-2.78,-0.14,-3.85,1.03
8824.92,2.04,0.94,-2.19,1.89,-1.90,-1.92,-2.78,0.14,-4.09,1.09
8913.17,2.30,1.34,-2.39,1.94,-1.94,-1.98,-2.78,0.36,-4.33,0.96
9002.30,2.56,1.74,-2.57,1.99,-1.99,-2.03,-2.77,0.57,-4.56,0.82
9092.32,2.57,1.88,-2.76,2.04,-2.04,-2.08,-2.77,0.52,-4.80,0.69
9183.25,2.57,2.04,-2.95,2.10,-2.10,-2.14,-2.76,0.47,-5.05,0.53
9275.08,2.56,2.40,-3.13,2.16,-2.16,-2.19,-2.75,0.40,-5.29,0.17
9367.83,2.22,2.77,-3.32,2.23,-2.23,-2.25,-2.74,-0.01,-5.55,-0.55
9461.51,1.82,3.17,-3.51,2.30,-2.29,-2.31,-2.73,-0.47,-5.80,-1.35
9556.12,1.35,2.88,-3.69,2.36,-2.36,-2.38,-2.72,-1.01,-6.05,-1.53
9651.68,0.76,2.48,-3.88,2.43,-2.42,-2.44,-2.71,-1.66,-6.31,-1.72
9748.20,0.12,2.30,-4.07,2.50,-2.49,-2.51,-2.71,-2.38,-6.57,-2.18
9845.68,-0.62,3.18,-4.27,2.57,-2.56,-2.58,-2.70,-3.19,-6.83,-3.80
9944.14,-1.46,2.51,-4.46,2.64,-2.64,-2.65,-2.70,-4.10,-7.10,-3.96
10043.58,-2.05,2.94,-4.66,2.70,-2.72,-2.73,-2.71,-4.77,-7.38,-4.98
10144.02,-2.55,3.52,-4.87,2.80,-2.81,-2.81,-2.71,-5.36,-7.67,-6.08
10245.46,-3.73,3.32,-5.09,2.89,-2.89,-2.89,-2.72,-6.63,-7.98,-7.06
10347.91,-4.72,3.18,-5.30,2.99,-2.99,-2.98,-2.74,-7.71,-8.29,-7.90
10451.39,-5.78,3.12,-5.53,3.09,-3.09,-3.07,-2.76,-8.87,-8.61,-8.89
10555.91,-6.48,3.32,-5.75,3.20,-3.19,-3.16,-2.78,-9.67,-8.94,-9.80
10661.46,-7.30,3.35,-5.97,3.30,-3.30,-3.26,-2.80,-10.60,-9.27,-10.65
10768.08,-8.30,3.09,-6.20,3.40,-3.40,-3.36,-2.84,-11.70,-9.61,-11.39
10875.76,-9.08,2.92,-6.43,3.51,-3.51,-3.47,-2.87,-12.59,-9.94,-11.99
10984.52,-9.87,2.73,-6.67,3.62,-3.62,-3.58,-2.92,-13.48,-10.28,-12.60
11094.36,-10.64,2.45,-6.90,3.73,-3.73,-3.70,-2.96,-14.37,-10.63,-13.09
11205.31,-11.27,2.31,-7.14,3.84,-3.84,-3.81,-3.02,-15.11,-10.98,-13.58
11317.36,-12.08,2.00,-7.38,3.95,-3.95,-3.93,-3.08,-16.03,-11.33,-14.08
11430.53,-12.57,1.95,-7.62,4.06,-4.06,-4.05,-3.14,-16.64,-11.68,-14.53
11544.84,-13.05,1.87,-7.86,4.18,-4.18,-4.18,-3.21,-17.23,-12.04,-14.92
11660.29,-13.78,1.58,-8.11,4.29,-4.29,-4.30,-3.29,-18.08,-12.40,-15.37
11776.89,-14.21,1.60,-8.36,4.41,-4.41,-4.43,-3.38,-18.63,-12.77,-15.81
11894.66,-14.58,1.63,-8.61,4.53,-4.53,-4.55,-3.47,-19.11,-13.14,-16.21
12013.60,-14.92,1.65,-8.86,4.65,-4.65,-4.68,-3.58,-19.58,-13.51,-16.58
12133.74,-15.26,1.66,-9.12,4.77,-4.77,-4.81,-3.69,-20.04,-13.89,-16.92
12255.08,-15.60,1.67,-9.38,4.90,-4.90,-4.94,-3.81,-20.50,-14.27,-17.27
12377.63,-15.83,1.75,-9.64,5.02,-5.02,-5.07,-3.94,-20.85,-14.66,-17.58
12501.41,-16.01,1.94,-9.90,5.15,-5.15,-5.20,-4.08,-21.16,-15.05,-17.95
12626.42,-16.20,2.08,-10.16,5.27,-5.27,-5.33,-4.23,-21.47,-15.44,-18.28
12752.68,-16.26,2.25,-10.43,5.40,-5.40,-5.46,-4.39,-21.66,-15.83,-18.51
12880.21,-16.27,2.57,-10.70,5.53,-5.53,-5.59,-4.57,-21.81,-16.23,-18.85
13009.01,-16.29,2.93,-10.97,5.67,-5.67,-5.72,-4.76,-21.95,-16.64,-19.22
13139.10,-16.31,3.18,-11.25,5.80,-5.80,-5.85,-4.97,-22.10,-17.05,-19.49
13270.49,-16.27,3.42,-11.52,5.93,-5.93,-5.98,-5.19,-22.21,-17.46,-19.69
13403.20,-16.06,3.84,-11.80,6.07,-6.07,-6.12,-5.43,-22.12,-17.87,-19.89
13537.23,-15.84,3.99,-12.08,6.21,-6.21,-6.25,-5.69,-22.05,-18.29,-19.83
13672.60,-15.58,4.11,-12.37,6.34,-6.34,-6.39,-5.97,-21.92,-18.71,-19.69
13809.33,-15.10,4.44,-12.65,6.48,-6.48,-6.52,-6.28,-21.59,-19.14,-19.54
13947.42,-14.33,4.51,-12.94,6.63,-6.63,-6.66,-6.61,-20.96,-19.57,-18.84
14086.90,-13.81,4.85,-13.23,6.77,-6.77,-6.80,-6.96,-20.58,-20.00,-18.66
14227.77,-13.02,5.47,-13.52,6.91,-6.91,-6.94,-7.35,-19.93,-20.44,-18.49
14370.04,-12.60,5.74,-13.82,7.06,-7.06,-7.07,-7.77,-19.66,-20.88,-18.34
14513.74,-12.27,5.96,-14.12,7.21,-7.21,-7.22,-8.23,-19.48,-21.32,-18.24
14658.88,-12.11,6.22,-14.42,7.35,-7.35,-7.36,-8.72,-19.47,-21.77,-18.33
14805.47,-12.03,6.67,-14.72,7.50,-7.50,-7.50,-9.24,-19.54,-22.22,-18.71
14953.52,-12.29,6.96,-15.02,7.66,-7.66,-7.65,-9.80,-19.95,-22.68,-19.26
15103.06,-12.55,7.42,-15.33,7.81,-7.81,-7.79,-10.39,-20.36,-23.14,-19.97
15254.09,-12.80,8.01,-15.64,7.96,-7.96,-7.94,-11.00,-20.76,-23.60,-20.81
15406.63,-13.04,8.67,-15.95,8.12,-8.12,-8.09,-11.60,-21.15,-24.07,-21.71
15560.70,-13.27,9.20,-16.26,8.27,-8.27,-8.23,-12.15,-21.54,-24.54,-22.47
15716.30,-13.43,9.79,-16.58,8.43,-8.43,-8.38,-12.61,-21.86,-25.01,-23.22
15873.47,-13.51,10.46,-16.90,8.59,-8.59,-8.54,-12.91,-22.10,-25.49,-23.96
16032.20,-13.59,11.18,-17.22,8.75,-8.75,-8.69,-12.98,-22.34,-25.97,-24.77
16192.52,-13.66,11.79,-17.54,8.92,-8.92,-8.84,-12.79,-22.58,-26.46,-25.46
16354.45,-13.74,12.37,-17.86,9.08,-9.08,-9.00,-12.35,-22.82,-26.94,-26.11
16517.99,-14.10,12.76,-18.19,9.25,-9.25,-9.15,-11.72,-23.34,-27.44,-26.86
16683.17,-14.51,13.06,-18.52,9.41,-9.41,-9.31,-10.96,-23.93,-27.93,-27.57
16850.01,-15.11,13.06,-18.85,9.58,-9.58,-9.46,-10.13,-24.69,-28.43,-28.17
17018.51,-15.66,13.53,-19.19,9.75,-9.75,-9.62,-9.29,-25.41,-28.94,-29.20
17188.69,-16.52,13.33,-19.52,9.92,-9.92,-9.78,-8.46,-26.44,-29.44,-29.85
17360.58,-17.27,13.18,-19.86,10.09,-10.09,-9.93,-7.66,-27.36,-29.96,-30.45
17534.18,-17.92,13.16,-20.20,10.27,-10.27,-10.09,-6.91,-28.19,-30.47,-31.08
17709.53,-18.80,12.89,-20.55,10.44,-10.44,-10.24,-6.20,-29.24,-30.99,-31.69
17886.62,-19.82,12.35,-20.89,10.62,-10.62,-10.39,-5.55,-30.44,-31.51,-32.17
18065.49,-20.62,12.24,-21.24,10.80,-10.80,-10.54,-4.94,-31.42,-32.04,-32.86
18246.14,-21.29,11.86,-21.59,10.98,-10.98,-10.68,-4.37,-32.27,-32.57,-33.15
18428.60,-21.97,11.72,-21.94,11.16,-11.16,-10.83,-3.86,-33.12,-33.10,-33.68
18612.89,-22.64,11.25,-22.30,11.34,-11.34,-10.96,-3.38,-33.98,-33.64,-33.88
18799.02,-23.31,11.22,-22.66,11.52,-11.52,-11.09,-2.95,-34.83,-34.18,-34.53
18987.01,-23.98,11.28,-23.02,11.71,-11.71,-11.20,-2.55,-35.69,-34.72,-35.27
19176.88,-24.66,11.19,-23.38,11.89,-11.89,-11.31,-2.19,-36.55,-35.27,-35.85
19368.65,-25.33,11.22,-23.74,12.08,-12.08,-11.40,-1.86,-37.41,-35.82,-36.55
19562.33,-26.00,11.13,-24.11,12.27,-12.27,-11.47,-1.57,-38.28,-36.38,-37.14
19757.96,-26.68,11.21,-24.48,12.46,-12.46,-11.52,-1.30,-39.14,-36.94,-37.89
19955.54,-27.35,11.75,-24.85,12.65,-12.65,-11.53,-1.07,-40.00,-37.50,-39.10
